Productor,Cultivo,Zona de Produccion,Semana,Fecha,Litros_usados
BLACK_Prod_1,BLACK,Jocotepec,1,2023-01-01,59
BLACK_Prod_1,BLACK,Jocotepec,2,2023-01-08,71
BLACK_Prod_1,BLACK,Jocotepec,3,2023-01-15,73
BLACK_Prod_1,BLACK,Jocotepec,4,2023-01-22,82
BLACK_Prod_1,BLACK,Jocotepec,5,2023-01-29,73
BLACK_Prod_1,BLACK,Jocotepec,6,2023-02-05,76
BLACK_Prod_1,BLACK,Jocotepec,7,2023-02-12,78
BLACK_Prod_1,BLACK,Jocotepec,8,2023-02-19,77
BLACK_Prod_1,BLACK,Jocotepec,9,2023-02-26,65
BLACK_Prod_1,BLACK,Jocotepec,10,2023-03-05,99
BLACK_Prod_1,BLACK,Jocotepec,11,2023-03-12,101
BLACK_Prod_1,BLACK,Jocotepec,12,2023-03-19,82
BLACK_Prod_1,BLACK,Jocotepec,13,2023-03-26,95
BLACK_Prod_1,BLACK,Jocotepec,14,2023-04-02,94
BLACK_Prod_1,BLACK,Jocotepec,15,2023-04-09,97
BLACK_Prod_1,BLACK,Jocotepec,16,2023-04-16,84
BLACK_Prod_1,BLACK,Jocotepec,17,2023-04-23,103
BLACK_Prod_1,BLACK,Jocotepec,18,2023-04-30,119
BLACK_Prod_1,BLACK,Jocotepec,19,2023-05-07,145
BLACK_Prod_1,BLACK,Jocotepec,20,2023-05-14,123
BLACK_Prod_1,BLACK,Jocotepec,21,2023-05-21,122
BLACK_Prod_1,BLACK,Jocotepec,22,2023-05-28,117
BLACK_Prod_1,BLACK,Jocotepec,23,2023-06-04,119
BLACK_Prod_1,BLACK,Jocotepec,24,2023-06-11,141
BLACK_Prod_1,BLACK,Jocotepec,25,2023-06-18,136
BLACK_Prod_1,BLACK,Jocotepec,26,2023-06-25,124
BLACK_Prod_1,BLACK,Jocotepec,27,2023-07-02,116
BLACK_Prod_1,BLACK,Jocotepec,28,2023-07-09,125
BLACK_Prod_1,BLACK,Jocotepec,29,2023-07-16,118
BLACK_Prod_1,BLACK,Jocotepec,30,2023-07-23,123
BLACK_Prod_1,BLACK,Jocotepec,31,2023-07-30,118
BLACK_Prod_1,BLACK,Jocotepec,32,2023-08-06,123
BLACK_Prod_1,BLACK,Jocotepec,33,2023-08-13,101
BLACK_Prod_1,BLACK,Jocotepec,34,2023-08-20,126
BLACK_Prod_1,BLACK,Jocotepec,35,2023-08-27,142
BLACK_Prod_1,BLACK,Jocotepec,36,2023-09-03,122
BLACK_Prod_1,BLACK,Jocotepec,37,2023-09-10,109
BLACK_Prod_1,BLACK,Jocotepec,38,2023-09-17,114
BLACK_Prod_1,BLACK,Jocotepec,39,2023-09-24,92
BLACK_Prod_1,BLACK,Jocotepec,40,2023-10-01,84
BLACK_Prod_1,BLACK,Jocotepec,41,2023-10-08,105
BLACK_Prod_1,BLACK,Jocotepec,42,2023-10-15,90
BLACK_Prod_1,BLACK,Jocotepec,43,2023-10-22,81
BLACK_Prod_1,BLACK,Jocotepec,44,2023-10-29,83
BLACK_Prod_1,BLACK,Jocotepec,45,2023-11-05,78
BLACK_Prod_1,BLACK,Jocotepec,46,2023-11-12,87
BLACK_Prod_1,BLACK,Jocotepec,47,2023-11-19,89
BLACK_Prod_1,BLACK,Jocotepec,48,2023-11-26,89
BLACK_Prod_1,BLACK,Jocotepec,49,2023-12-03,86
BLACK_Prod_1,BLACK,Jocotepec,50,2023-12-10,83
BLACK_Prod_1,BLACK,Jocotepec,1,2024-01-01,65
BLACK_Prod_1,BLACK,Jocotepec,2,2024-01-08,64
BLACK_Prod_1,BLACK,Jocotepec,3,2024-01-15,61
BLACK_Prod_1,BLACK,Jocotepec,4,2024-01-22,82
BLACK_Prod_1,BLACK,Jocotepec,5,2024-01-29,76
BLACK_Prod_1,BLACK,Jocotepec,6,2024-02-05,76
BLACK_Prod_1,BLACK,Jocotepec,7,2024-02-12,92
BLACK_Prod_1,BLACK,Jocotepec,8,2024-02-19,78
BLACK_Prod_1,BLACK,Jocotepec,9,2024-02-26,95
BLACK_Prod_1,BLACK,Jocotepec,10,2024-03-04,93
BLACK_Prod_1,BLACK,Jocotepec,11,2024-03-11,84
BLACK_Prod_1,BLACK,Jocotepec,12,2024-03-18,96
BLACK_Prod_1,BLACK,Jocotepec,13,2024-03-25,109
BLACK_Prod_1,BLACK,Jocotepec,14,2024-04-01,110
BLACK_Prod_1,BLACK,Jocotepec,15,2024-04-08,120
BLACK_Prod_1,BLACK,Jocotepec,16,2024-04-15,111
BLACK_Prod_1,BLACK,Jocotepec,17,2024-04-22,147
BLACK_Prod_1,BLACK,Jocotepec,18,2024-04-29,102
BLACK_Prod_1,BLACK,Jocotepec,19,2024-05-06,111
BLACK_Prod_1,BLACK,Jocotepec,20,2024-05-13,118
BLACK_Prod_1,BLACK,Jocotepec,21,2024-05-20,104
BLACK_Prod_1,BLACK,Jocotepec,22,2024-05-27,137
BLACK_Prod_1,BLACK,Jocotepec,23,2024-06-03,138
BLACK_Prod_1,BLACK,Jocotepec,24,2024-06-10,129
BLACK_Prod_1,BLACK,Jocotepec,25,2024-06-17,125
BLACK_Prod_1,BLACK,Jocotepec,26,2024-06-24,112
BLACK_Prod_1,BLACK,Jocotepec,27,2024-07-01,119
BLACK_Prod_1,BLACK,Jocotepec,28,2024-07-08,137
BLACK_Prod_1,BLACK,Jocotepec,29,2024-07-15,122
BLACK_Prod_1,BLACK,Jocotepec,30,2024-07-22,118
BLACK_Prod_1,BLACK,Jocotepec,31,2024-07-29,127
BLACK_Prod_1,BLACK,Jocotepec,32,2024-08-05,132
BLACK_Prod_1,BLACK,Jocotepec,33,2024-08-12,119
BLACK_Prod_1,BLACK,Jocotepec,34,2024-08-19,117
BLACK_Prod_1,BLACK,Jocotepec,35,2024-08-26,127
BLACK_Prod_1,BLACK,Jocotepec,36,2024-09-02,111
BLACK_Prod_1,BLACK,Jocotepec,37,2024-09-09,103
BLACK_Prod_1,BLACK,Jocotepec,38,2024-09-16,112
BLACK_Prod_1,BLACK,Jocotepec,39,2024-09-23,100
BLACK_Prod_1,BLACK,Jocotepec,40,2024-09-30,96
BLACK_Prod_1,BLACK,Jocotepec,41,2024-10-07,110
BLACK_Prod_1,BLACK,Jocotepec,42,2024-10-14,93
BLACK_Prod_1,BLACK,Jocotepec,43,2024-10-21,68
BLACK_Prod_1,BLACK,Jocotepec,44,2024-10-28,94
BLACK_Prod_1,BLACK,Jocotepec,45,2024-11-04,85
BLACK_Prod_1,BLACK,Jocotepec,46,2024-11-11,84
BLACK_Prod_1,BLACK,Jocotepec,47,2024-11-18,88
BLACK_Prod_1,BLACK,Jocotepec,48,2024-11-25,80
BLACK_Prod_1,BLACK,Jocotepec,49,2024-12-02,81
BLACK_Prod_1,BLACK,Jocotepec,50,2024-12-09,61
BLACK_Prod_2,BLACK,Tuxcueca,1,2023-01-01,62
BLACK_Prod_2,BLACK,Tuxcueca,2,2023-01-08,68
BLACK_Prod_2,BLACK,Tuxcueca,3,2023-01-15,65
BLACK_Prod_2,BLACK,Tuxcueca,4,2023-01-22,68
BLACK_Prod_2,BLACK,Tuxcueca,5,2023-01-29,85
BLACK_Prod_2,BLACK,Tuxcueca,6,2023-02-05,88
BLACK_Prod_2,BLACK,Tuxcueca,7,2023-02-12,79
BLACK_Prod_2,BLACK,Tuxcueca,8,2023-02-19,85
BLACK_Prod_2,BLACK,Tuxcueca,9,2023-02-26,99
BLACK_Prod_2,BLACK,Tuxcueca,10,2023-03-05,78
BLACK_Prod_2,BLACK,Tuxcueca,11,2023-03-12,97
BLACK_Prod_2,BLACK,Tuxcueca,12,2023-03-19,115
BLACK_Prod_2,BLACK,Tuxcueca,13,2023-03-26,118
BLACK_Prod_2,BLACK,Tuxcueca,14,2023-04-02,82
BLACK_Prod_2,BLACK,Tuxcueca,15,2023-04-09,97
BLACK_Prod_2,BLACK,Tuxcueca,16,2023-04-16,109
BLACK_Prod_2,BLACK,Tuxcueca,17,2023-04-23,95
BLACK_Prod_2,BLACK,Tuxcueca,18,2023-04-30,105
BLACK_Prod_2,BLACK,Tuxcueca,19,2023-05-07,114
BLACK_Prod_2,BLACK,Tuxcueca,20,2023-05-14,135
BLACK_Prod_2,BLACK,Tuxcueca,21,2023-05-21,120
BLACK_Prod_2,BLACK,Tuxcueca,22,2023-05-28,126
BLACK_Prod_2,BLACK,Tuxcueca,23,2023-06-04,133
BLACK_Prod_2,BLACK,Tuxcueca,24,2023-06-11,136
BLACK_Prod_2,BLACK,Tuxcueca,25,2023-06-18,132
BLACK_Prod_2,BLACK,Tuxcueca,26,2023-06-25,116
BLACK_Prod_2,BLACK,Tuxcueca,27,2023-07-02,140
BLACK_Prod_2,BLACK,Tuxcueca,28,2023-07-09,133
BLACK_Prod_2,BLACK,Tuxcueca,29,2023-07-16,111
BLACK_Prod_2,BLACK,Tuxcueca,30,2023-07-23,114
BLACK_Prod_2,BLACK,Tuxcueca,31,2023-07-30,131
BLACK_Prod_2,BLACK,Tuxcueca,32,2023-08-06,125
BLACK_Prod_2,BLACK,Tuxcueca,33,2023-08-13,108
BLACK_Prod_2,BLACK,Tuxcueca,34,2023-08-20,111
BLACK_Prod_2,BLACK,Tuxcueca,35,2023-08-27,110
BLACK_Prod_2,BLACK,Tuxcueca,36,2023-09-03,116
BLACK_Prod_2,BLACK,Tuxcueca,37,2023-09-10,120
BLACK_Prod_2,BLACK,Tuxcueca,38,2023-09-17,105
BLACK_Prod_2,BLACK,Tuxcueca,39,2023-09-24,114
BLACK_Prod_2,BLACK,Tuxcueca,40,2023-10-01,109
BLACK_Prod_2,BLACK,Tuxcueca,41,2023-10-08,100
BLACK_Prod_2,BLACK,Tuxcueca,42,2023-10-15,82
BLACK_Prod_2,BLACK,Tuxcueca,43,2023-10-22,83
BLACK_Prod_2,BLACK,Tuxcueca,44,2023-10-29,97
BLACK_Prod_2,BLACK,Tuxcueca,45,2023-11-05,73
BLACK_Prod_2,BLACK,Tuxcueca,46,2023-11-12,87
BLACK_Prod_2,BLACK,Tuxcueca,47,2023-11-19,92
BLACK_Prod_2,BLACK,Tuxcueca,48,2023-11-26,83
BLACK_Prod_2,BLACK,Tuxcueca,49,2023-12-03,75
BLACK_Prod_2,BLACK,Tuxcueca,50,2023-12-10,70
BLACK_Prod_2,BLACK,Tuxcueca,1,2024-01-01,71
BLACK_Prod_2,BLACK,Tuxcueca,2,2024-01-08,72
BLACK_Prod_2,BLACK,Tuxcueca,3,2024-01-15,69
BLACK_Prod_2,BLACK,Tuxcueca,4,2024-01-22,82
BLACK_Prod_2,BLACK,Tuxcueca,5,2024-01-29,84
BLACK_Prod_2,BLACK,Tuxcueca,6,2024-02-05,94
BLACK_Prod_2,BLACK,Tuxcueca,7,2024-02-12,87
BLACK_Prod_2,BLACK,Tuxcueca,8,2024-02-19,84
BLACK_Prod_2,BLACK,Tuxcueca,9,2024-02-26,87
BLACK_Prod_2,BLACK,Tuxcueca,10,2024-03-04,73
BLACK_Prod_2,BLACK,Tuxcueca,11,2024-03-11,95
BLACK_Prod_2,BLACK,Tuxcueca,12,2024-03-18,96
BLACK_Prod_2,BLACK,Tuxcueca,13,2024-03-25,86
BLACK_Prod_2,BLACK,Tuxcueca,14,2024-04-01,101
BLACK_Prod_2,BLACK,Tuxcueca,15,2024-04-08,119
BLACK_Prod_2,BLACK,Tuxcueca,16,2024-04-15,99
BLACK_Prod_2,BLACK,Tuxcueca,17,2024-04-22,99
BLACK_Prod_2,BLACK,Tuxcueca,18,2024-04-29,125
BLACK_Prod_2,BLACK,Tuxcueca,19,2024-05-06,123
BLACK_Prod_2,BLACK,Tuxcueca,20,2024-05-13,154
BLACK_Prod_2,BLACK,Tuxcueca,21,2024-05-20,105
BLACK_Prod_2,BLACK,Tuxcueca,22,2024-05-27,133
BLACK_Prod_2,BLACK,Tuxcueca,23,2024-06-03,130
BLACK_Prod_2,BLACK,Tuxcueca,24,2024-06-10,130
BLACK_Prod_2,BLACK,Tuxcueca,25,2024-06-17,144
BLACK_Prod_2,BLACK,Tuxcueca,26,2024-06-24,132
BLACK_Prod_2,BLACK,Tuxcueca,27,2024-07-01,105
BLACK_Prod_2,BLACK,Tuxcueca,28,2024-07-08,117
BLACK_Prod_2,BLACK,Tuxcueca,29,2024-07-15,142
BLACK_Prod_2,BLACK,Tuxcueca,30,2024-07-22,137
BLACK_Prod_2,BLACK,Tuxcueca,31,2024-07-29,116
BLACK_Prod_2,BLACK,Tuxcueca,32,2024-08-05,124
BLACK_Prod_2,BLACK,Tuxcueca,33,2024-08-12,148
BLACK_Prod_2,BLACK,Tuxcueca,34,2024-08-19,113
BLACK_Prod_2,BLACK,Tuxcueca,35,2024-08-26,111
BLACK_Prod_2,BLACK,Tuxcueca,36,2024-09-02,111
BLACK_Prod_2,BLACK,Tuxcueca,37,2024-09-09,113
BLACK_Prod_2,BLACK,Tuxcueca,38,2024-09-16,101
BLACK_Prod_2,BLACK,Tuxcueca,39,2024-09-23,108
BLACK_Prod_2,BLACK,Tuxcueca,40,2024-09-30,80
BLACK_Prod_2,BLACK,Tuxcueca,41,2024-10-07,101
BLACK_Prod_2,BLACK,Tuxcueca,42,2024-10-14,96
BLACK_Prod_2,BLACK,Tuxcueca,43,2024-10-21,91
BLACK_Prod_2,BLACK,Tuxcueca,44,2024-10-28,86
BLACK_Prod_2,BLACK,Tuxcueca,45,2024-11-04,83
BLACK_Prod_2,BLACK,Tuxcueca,46,2024-11-11,79
BLACK_Prod_2,BLACK,Tuxcueca,47,2024-11-18,64
BLACK_Prod_2,BLACK,Tuxcueca,48,2024-11-25,79
BLACK_Prod_2,BLACK,Tuxcueca,49,2024-12-02,88
BLACK_Prod_2,BLACK,Tuxcueca,50,2024-12-09,74
BLACK_Prod_3,BLACK,Zamora,1,2023-01-01,60
BLACK_Prod_3,BLACK,Zamora,2,2023-01-08,70
BLACK_Prod_3,BLACK,Zamora,3,2023-01-15,72
BLACK_Prod_3,BLACK,Zamora,4,2023-01-22,66
BLACK_Prod_3,BLACK,Zamora,5,2023-01-29,80
BLACK_Prod_3,BLACK,Zamora,6,2023-02-05,84
BLACK_Prod_3,BLACK,Zamora,7,2023-02-12,91
BLACK_Prod_3,BLACK,Zamora,8,2023-02-19,94
BLACK_Prod_3,BLACK,Zamora,9,2023-02-26,76
BLACK_Prod_3,BLACK,Zamora,10,2023-03-05,82
BLACK_Prod_3,BLACK,Zamora,11,2023-03-12,98
BLACK_Prod_3,BLACK,Zamora,12,2023-03-19,101
BLACK_Prod_3,BLACK,Zamora,13,2023-03-26,104
BLACK_Prod_3,BLACK,Zamora,14,2023-04-02,141
BLACK_Prod_3,BLACK,Zamora,15,2023-04-09,110
BLACK_Prod_3,BLACK,Zamora,16,2023-04-16,119
BLACK_Prod_3,BLACK,Zamora,17,2023-04-23,120
BLACK_Prod_3,BLACK,Zamora,18,2023-04-30,120
BLACK_Prod_3,BLACK,Zamora,19,2023-05-07,112
BLACK_Prod_3,BLACK,Zamora,20,2023-05-14,127
BLACK_Prod_3,BLACK,Zamora,21,2023-05-21,112
BLACK_Prod_3,BLACK,Zamora,22,2023-05-28,121
BLACK_Prod_3,BLACK,Zamora,23,2023-06-04,120
BLACK_Prod_3,BLACK,Zamora,24,2023-06-11,130
BLACK_Prod_3,BLACK,Zamora,25,2023-06-18,163
BLACK_Prod_3,BLACK,Zamora,26,2023-06-25,107
BLACK_Prod_3,BLACK,Zamora,27,2023-07-02,139
BLACK_Prod_3,BLACK,Zamora,28,2023-07-09,107
BLACK_Prod_3,BLACK,Zamora,29,2023-07-16,119
BLACK_Prod_3,BLACK,Zamora,30,2023-07-23,136
BLACK_Prod_3,BLACK,Zamora,31,2023-07-30,121
BLACK_Prod_3,BLACK,Zamora,32,2023-08-06,106
BLACK_Prod_3,BLACK,Zamora,33,2023-08-13,108
BLACK_Prod_3,BLACK,Zamora,34,2023-08-20,121
BLACK_Prod_3,BLACK,Zamora,35,2023-08-27,103
BLACK_Prod_3,BLACK,Zamora,36,2023-09-03,111
BLACK_Prod_3,BLACK,Zamora,37,2023-09-10,107
BLACK_Prod_3,BLACK,Zamora,38,2023-09-17,98
BLACK_Prod_3,BLACK,Zamora,39,2023-09-24,124
BLACK_Prod_3,BLACK,Zamora,40,2023-10-01,106
BLACK_Prod_3,BLACK,Zamora,41,2023-10-08,78
BLACK_Prod_3,BLACK,Zamora,42,2023-10-15,97
BLACK_Prod_3,BLACK,Zamora,43,2023-10-22,87
BLACK_Prod_3,BLACK,Zamora,44,2023-10-29,98
BLACK_Prod_3,BLACK,Zamora,45,2023-11-05,81
BLACK_Prod_3,BLACK,Zamora,46,2023-11-12,85
BLACK_Prod_3,BLACK,Zamora,47,2023-11-19,88
BLACK_Prod_3,BLACK,Zamora,48,2023-11-26,89
BLACK_Prod_3,BLACK,Zamora,49,2023-12-03,70
BLACK_Prod_3,BLACK,Zamora,50,2023-12-10,74
BLACK_Prod_3,BLACK,Zamora,1,2024-01-01,63
BLACK_Prod_3,BLACK,Zamora,2,2024-01-08,64
BLACK_Prod_3,BLACK,Zamora,3,2024-01-15,84
BLACK_Prod_3,BLACK,Zamora,4,2024-01-22,77
BLACK_Prod_3,BLACK,Zamora,5,2024-01-29,67
BLACK_Prod_3,BLACK,Zamora,6,2024-02-05,87
BLACK_Prod_3,BLACK,Zamora,7,2024-02-12,100
BLACK_Prod_3,BLACK,Zamora,8,2024-02-19,94
BLACK_Prod_3,BLACK,Zamora,9,2024-02-26,75
BLACK_Prod_3,BLACK,Zamora,10,2024-03-04,86
BLACK_Prod_3,BLACK,Zamora,11,2024-03-11,105
BLACK_Prod_3,BLACK,Zamora,12,2024-03-18,89
BLACK_Prod_3,BLACK,Zamora,13,2024-03-25,103
BLACK_Prod_3,BLACK,Zamora,14,2024-04-01,110
BLACK_Prod_3,BLACK,Zamora,15,2024-04-08,95
BLACK_Prod_3,BLACK,Zamora,16,2024-04-15,107
BLACK_Prod_3,BLACK,Zamora,17,2024-04-22,74
BLACK_Prod_3,BLACK,Zamora,18,2024-04-29,101
BLACK_Prod_3,BLACK,Zamora,19,2024-05-06,113
BLACK_Prod_3,BLACK,Zamora,20,2024-05-13,103
BLACK_Prod_3,BLACK,Zamora,21,2024-05-20,141
BLACK_Prod_3,BLACK,Zamora,22,2024-05-27,106
BLACK_Prod_3,BLACK,Zamora,23,2024-06-03,121
BLACK_Prod_3,BLACK,Zamora,24,2024-06-10,131
BLACK_Prod_3,BLACK,Zamora,25,2024-06-17,151
BLACK_Prod_3,BLACK,Zamora,26,2024-06-24,113
BLACK_Prod_3,BLACK,Zamora,27,2024-07-01,145
BLACK_Prod_3,BLACK,Zamora,28,2024-07-08,128
BLACK_Prod_3,BLACK,Zamora,29,2024-07-15,113
BLACK_Prod_3,BLACK,Zamora,30,2024-07-22,129
BLACK_Prod_3,BLACK,Zamora,31,2024-07-29,123
BLACK_Prod_3,BLACK,Zamora,32,2024-08-05,111
BLACK_Prod_3,BLACK,Zamora,33,2024-08-12,117
BLACK_Prod_3,BLACK,Zamora,34,2024-08-19,109
BLACK_Prod_3,BLACK,Zamora,35,2024-08-26,113
BLACK_Prod_3,BLACK,Zamora,36,2024-09-02,116
BLACK_Prod_3,BLACK,Zamora,37,2024-09-09,124
BLACK_Prod_3,BLACK,Zamora,38,2024-09-16,92
BLACK_Prod_3,BLACK,Zamora,39,2024-09-23,124
BLACK_Prod_3,BLACK,Zamora,40,2024-09-30,80
BLACK_Prod_3,BLACK,Zamora,41,2024-10-07,96
BLACK_Prod_3,BLACK,Zamora,42,2024-10-14,101
BLACK_Prod_3,BLACK,Zamora,43,2024-10-21,96
BLACK_Prod_3,BLACK,Zamora,44,2024-10-28,85
BLACK_Prod_3,BLACK,Zamora,45,2024-11-04,87
BLACK_Prod_3,BLACK,Zamora,46,2024-11-11,82
BLACK_Prod_3,BLACK,Zamora,47,2024-11-18,79
BLACK_Prod_3,BLACK,Zamora,48,2024-11-25,89
BLACK_Prod_3,BLACK,Zamora,49,2024-12-02,82
BLACK_Prod_3,BLACK,Zamora,50,2024-12-09,72
BLACK_Prod_4,BLACK,Tangancícuaro,1,2023-01-01,69
BLACK_Prod_4,BLACK,Tangancícuaro,2,2023-01-08,68
BLACK_Prod_4,BLACK,Tangancícuaro,3,2023-01-15,56
BLACK_Prod_4,BLACK,Tangancícuaro,4,2023-01-22,85
BLACK_Prod_4,BLACK,Tangancícuaro,5,2023-01-29,91
BLACK_Prod_4,BLACK,Tangancícuaro,6,2023-02-05,93
BLACK_Prod_4,BLACK,Tangancícuaro,7,2023-02-12,77
BLACK_Prod_4,BLACK,Tangancícuaro,8,2023-02-19,89
BLACK_Prod_4,BLACK,Tangancícuaro,9,2023-02-26,92
BLACK_Prod_4,BLACK,Tangancícuaro,10,2023-03-05,77
BLACK_Prod_4,BLACK,Tangancícuaro,11,2023-03-12,95
BLACK_Prod_4,BLACK,Tangancícuaro,12,2023-03-19,107
BLACK_Prod_4,BLACK,Tangancícuaro,13,2023-03-26,107
BLACK_Prod_4,BLACK,Tangancícuaro,14,2023-04-02,90
BLACK_Prod_4,BLACK,Tangancícuaro,15,2023-04-09,95
BLACK_Prod_4,BLACK,Tangancícuaro,16,2023-04-16,116
BLACK_Prod_4,BLACK,Tangancícuaro,17,2023-04-23,117
BLACK_Prod_4,BLACK,Tangancícuaro,18,2023-04-30,87
BLACK_Prod_4,BLACK,Tangancícuaro,19,2023-05-07,87
BLACK_Prod_4,BLACK,Tangancícuaro,20,2023-05-14,117
BLACK_Prod_4,BLACK,Tangancícuaro,21,2023-05-21,114
BLACK_Prod_4,BLACK,Tangancícuaro,22,2023-05-28,120
BLACK_Prod_4,BLACK,Tangancícuaro,23,2023-06-04,121
BLACK_Prod_4,BLACK,Tangancícuaro,24,2023-06-11,142
BLACK_Prod_4,BLACK,Tangancícuaro,25,2023-06-18,133
BLACK_Prod_4,BLACK,Tangancícuaro,26,2023-06-25,136
BLACK_Prod_4,BLACK,Tangancícuaro,27,2023-07-02,112
BLACK_Prod_4,BLACK,Tangancícuaro,28,2023-07-09,85
BLACK_Prod_4,BLACK,Tangancícuaro,29,2023-07-16,139
BLACK_Prod_4,BLACK,Tangancícuaro,30,2023-07-23,149
BLACK_Prod_4,BLACK,Tangancícuaro,31,2023-07-30,116
BLACK_Prod_4,BLACK,Tangancícuaro,32,2023-08-06,121
BLACK_Prod_4,BLACK,Tangancícuaro,33,2023-08-13,120
BLACK_Prod_4,BLACK,Tangancícuaro,34,2023-08-20,133
BLACK_Prod_4,BLACK,Tangancícuaro,35,2023-08-27,121
BLACK_Prod_4,BLACK,Tangancícuaro,36,2023-09-03,114
BLACK_Prod_4,BLACK,Tangancícuaro,37,2023-09-10,107
BLACK_Prod_4,BLACK,Tangancícuaro,38,2023-09-17,105
BLACK_Prod_4,BLACK,Tangancícuaro,39,2023-09-24,87
BLACK_Prod_4,BLACK,Tangancícuaro,40,2023-10-01,96
BLACK_Prod_4,BLACK,Tangancícuaro,41,2023-10-08,106
BLACK_Prod_4,BLACK,Tangancícuaro,42,2023-10-15,93
BLACK_Prod_4,BLACK,Tangancícuaro,43,2023-10-22,93
BLACK_Prod_4,BLACK,Tangancícuaro,44,2023-10-29,80
BLACK_Prod_4,BLACK,Tangancícuaro,45,2023-11-05,92
BLACK_Prod_4,BLACK,Tangancícuaro,46,2023-11-12,74
BLACK_Prod_4,BLACK,Tangancícuaro,47,2023-11-19,86
BLACK_Prod_4,BLACK,Tangancícuaro,48,2023-11-26,80
BLACK_Prod_4,BLACK,Tangancícuaro,49,2023-12-03,65
BLACK_Prod_4,BLACK,Tangancícuaro,50,2023-12-10,85
BLACK_Prod_4,BLACK,Tangancícuaro,1,2024-01-01,65
BLACK_Prod_4,BLACK,Tangancícuaro,2,2024-01-08,82
BLACK_Prod_4,BLACK,Tangancícuaro,3,2024-01-15,82
BLACK_Prod_4,BLACK,Tangancícuaro,4,2024-01-22,68
BLACK_Prod_4,BLACK,Tangancícuaro,5,2024-01-29,71
BLACK_Prod_4,BLACK,Tangancícuaro,6,2024-02-05,70
BLACK_Prod_4,BLACK,Tangancícuaro,7,2024-02-12,69
BLACK_Prod_4,BLACK,Tangancícuaro,8,2024-02-19,82
BLACK_Prod_4,BLACK,Tangancícuaro,9,2024-02-26,101
BLACK_Prod_4,BLACK,Tangancícuaro,10,2024-03-04,73
BLACK_Prod_4,BLACK,Tangancícuaro,11,2024-03-11,101
BLACK_Prod_4,BLACK,Tangancícuaro,12,2024-03-18,104
BLACK_Prod_4,BLACK,Tangancícuaro,13,2024-03-25,104
BLACK_Prod_4,BLACK,Tangancícuaro,14,2024-04-01,109
BLACK_Prod_4,BLACK,Tangancícuaro,15,2024-04-08,93
BLACK_Prod_4,BLACK,Tangancícuaro,16,2024-04-15,115
BLACK_Prod_4,BLACK,Tangancícuaro,17,2024-04-22,104
BLACK_Prod_4,BLACK,Tangancícuaro,18,2024-04-29,85
BLACK_Prod_4,BLACK,Tangancícuaro,19,2024-05-06,116
BLACK_Prod_4,BLACK,Tangancícuaro,20,2024-05-13,108
BLACK_Prod_4,BLACK,Tangancícuaro,21,2024-05-20,137
BLACK_Prod_4,BLACK,Tangancícuaro,22,2024-05-27,120
BLACK_Prod_4,BLACK,Tangancícuaro,23,2024-06-03,127
BLACK_Prod_4,BLACK,Tangancícuaro,24,2024-06-10,134
BLACK_Prod_4,BLACK,Tangancícuaro,25,2024-06-17,128
BLACK_Prod_4,BLACK,Tangancícuaro,26,2024-06-24,131
BLACK_Prod_4,BLACK,Tangancícuaro,27,2024-07-01,141
BLACK_Prod_4,BLACK,Tangancícuaro,28,2024-07-08,114
BLACK_Prod_4,BLACK,Tangancícuaro,29,2024-07-15,116
BLACK_Prod_4,BLACK,Tangancícuaro,30,2024-07-22,111
BLACK_Prod_4,BLACK,Tangancícuaro,31,2024-07-29,138
BLACK_Prod_4,BLACK,Tangancícuaro,32,2024-08-05,110
BLACK_Prod_4,BLACK,Tangancícuaro,33,2024-08-12,114
BLACK_Prod_4,BLACK,Tangancícuaro,34,2024-08-19,107
BLACK_Prod_4,BLACK,Tangancícuaro,35,2024-08-26,108
BLACK_Prod_4,BLACK,Tangancícuaro,36,2024-09-02,101
BLACK_Prod_4,BLACK,Tangancícuaro,37,2024-09-09,112
BLACK_Prod_4,BLACK,Tangancícuaro,38,2024-09-16,94
BLACK_Prod_4,BLACK,Tangancícuaro,39,2024-09-23,88
BLACK_Prod_4,BLACK,Tangancícuaro,40,2024-09-30,94
BLACK_Prod_4,BLACK,Tangancícuaro,41,2024-10-07,90
BLACK_Prod_4,BLACK,Tangancícuaro,42,2024-10-14,83
BLACK_Prod_4,BLACK,Tangancícuaro,43,2024-10-21,90
BLACK_Prod_4,BLACK,Tangancícuaro,44,2024-10-28,76
BLACK_Prod_4,BLACK,Tangancícuaro,45,2024-11-04,104
BLACK_Prod_4,BLACK,Tangancícuaro,46,2024-11-11,73
BLACK_Prod_4,BLACK,Tangancícuaro,47,2024-11-18,78
BLACK_Prod_4,BLACK,Tangancícuaro,48,2024-11-25,78
BLACK_Prod_4,BLACK,Tangancícuaro,49,2024-12-02,93
BLACK_Prod_4,BLACK,Tangancícuaro,50,2024-12-09,64
BLACK_Prod_5,BLACK,Tuxcueca,1,2023-01-01,71
BLACK_Prod_5,BLACK,Tuxcueca,2,2023-01-08,68
BLACK_Prod_5,BLACK,Tuxcueca,3,2023-01-15,71
BLACK_Prod_5,BLACK,Tuxcueca,4,2023-01-22,72
BLACK_Prod_5,BLACK,Tuxcueca,5,2023-01-29,79
BLACK_Prod_5,BLACK,Tuxcueca,6,2023-02-05,71
BLACK_Prod_5,BLACK,Tuxcueca,7,2023-02-12,85
BLACK_Prod_5,BLACK,Tuxcueca,8,2023-02-19,85
BLACK_Prod_5,BLACK,Tuxcueca,9,2023-02-26,90
BLACK_Prod_5,BLACK,Tuxcueca,10,2023-03-05,93
BLACK_Prod_5,BLACK,Tuxcueca,11,2023-03-12,71
BLACK_Prod_5,BLACK,Tuxcueca,12,2023-03-19,88
BLACK_Prod_5,BLACK,Tuxcueca,13,2023-03-26,98
BLACK_Prod_5,BLACK,Tuxcueca,14,2023-04-02,101
BLACK_Prod_5,BLACK,Tuxcueca,15,2023-04-09,107
BLACK_Prod_5,BLACK,Tuxcueca,16,2023-04-16,110
BLACK_Prod_5,BLACK,Tuxcueca,17,2023-04-23,127
BLACK_Prod_5,BLACK,Tuxcueca,18,2023-04-30,116
BLACK_Prod_5,BLACK,Tuxcueca,19,2023-05-07,112
BLACK_Prod_5,BLACK,Tuxcueca,20,2023-05-14,99
BLACK_Prod_5,BLACK,Tuxcueca,21,2023-05-21,104
BLACK_Prod_5,BLACK,Tuxcueca,22,2023-05-28,130
BLACK_Prod_5,BLACK,Tuxcueca,23,2023-06-04,140
BLACK_Prod_5,BLACK,Tuxcueca,24,2023-06-11,149
BLACK_Prod_5,BLACK,Tuxcueca,25,2023-06-18,121
BLACK_Prod_5,BLACK,Tuxcueca,26,2023-06-25,128
BLACK_Prod_5,BLACK,Tuxcueca,27,2023-07-02,133
BLACK_Prod_5,BLACK,Tuxcueca,28,2023-07-09,154
BLACK_Prod_5,BLACK,Tuxcueca,29,2023-07-16,127
BLACK_Prod_5,BLACK,Tuxcueca,30,2023-07-23,142
BLACK_Prod_5,BLACK,Tuxcueca,31,2023-07-30,123
BLACK_Prod_5,BLACK,Tuxcueca,32,2023-08-06,132
BLACK_Prod_5,BLACK,Tuxcueca,33,2023-08-13,128
BLACK_Prod_5,BLACK,Tuxcueca,34,2023-08-20,116
BLACK_Prod_5,BLACK,Tuxcueca,35,2023-08-27,100
BLACK_Prod_5,BLACK,Tuxcueca,36,2023-09-03,106
BLACK_Prod_5,BLACK,Tuxcueca,37,2023-09-10,123
BLACK_Prod_5,BLACK,Tuxcueca,38,2023-09-17,114
BLACK_Prod_5,BLACK,Tuxcueca,39,2023-09-24,98
BLACK_Prod_5,BLACK,Tuxcueca,40,2023-10-01,96
BLACK_Prod_5,BLACK,Tuxcueca,41,2023-10-08,81
BLACK_Prod_5,BLACK,Tuxcueca,42,2023-10-15,109
BLACK_Prod_5,BLACK,Tuxcueca,43,2023-10-22,101
BLACK_Prod_5,BLACK,Tuxcueca,44,2023-10-29,90
BLACK_Prod_5,BLACK,Tuxcueca,45,2023-11-05,90
BLACK_Prod_5,BLACK,Tuxcueca,46,2023-11-12,67
BLACK_Prod_5,BLACK,Tuxcueca,47,2023-11-19,80
BLACK_Prod_5,BLACK,Tuxcueca,48,2023-11-26,92
BLACK_Prod_5,BLACK,Tuxcueca,49,2023-12-03,87
BLACK_Prod_5,BLACK,Tuxcueca,50,2023-12-10,80
BLACK_Prod_5,BLACK,Tuxcueca,1,2024-01-01,66
BLACK_Prod_5,BLACK,Tuxcueca,2,2024-01-08,74
BLACK_Prod_5,BLACK,Tuxcueca,3,2024-01-15,69
BLACK_Prod_5,BLACK,Tuxcueca,4,2024-01-22,62
BLACK_Prod_5,BLACK,Tuxcueca,5,2024-01-29,77
BLACK_Prod_5,BLACK,Tuxcueca,6,2024-02-05,83
BLACK_Prod_5,BLACK,Tuxcueca,7,2024-02-12,92
BLACK_Prod_5,BLACK,Tuxcueca,8,2024-02-19,73
BLACK_Prod_5,BLACK,Tuxcueca,9,2024-02-26,87
BLACK_Prod_5,BLACK,Tuxcueca,10,2024-03-04,90
BLACK_Prod_5,BLACK,Tuxcueca,11,2024-03-11,83
BLACK_Prod_5,BLACK,Tuxcueca,12,2024-03-18,101
BLACK_Prod_5,BLACK,Tuxcueca,13,2024-03-25,106
BLACK_Prod_5,BLACK,Tuxcueca,14,2024-04-01,99
BLACK_Prod_5,BLACK,Tuxcueca,15,2024-04-08,126
BLACK_Prod_5,BLACK,Tuxcueca,16,2024-04-15,104
BLACK_Prod_5,BLACK,Tuxcueca,17,2024-04-22,105
BLACK_Prod_5,BLACK,Tuxcueca,18,2024-04-29,107
BLACK_Prod_5,BLACK,Tuxcueca,19,2024-05-06,106
BLACK_Prod_5,BLACK,Tuxcueca,20,2024-05-13,112
BLACK_Prod_5,BLACK,Tuxcueca,21,2024-05-20,104
BLACK_Prod_5,BLACK,Tuxcueca,22,2024-05-27,121
BLACK_Prod_5,BLACK,Tuxcueca,23,2024-06-03,127
BLACK_Prod_5,BLACK,Tuxcueca,24,2024-06-10,100
BLACK_Prod_5,BLACK,Tuxcueca,25,2024-06-17,131
BLACK_Prod_5,BLACK,Tuxcueca,26,2024-06-24,133
BLACK_Prod_5,BLACK,Tuxcueca,27,2024-07-01,136
BLACK_Prod_5,BLACK,Tuxcueca,28,2024-07-08,143
BLACK_Prod_5,BLACK,Tuxcueca,29,2024-07-15,136
BLACK_Prod_5,BLACK,Tuxcueca,30,2024-07-22,115
BLACK_Prod_5,BLACK,Tuxcueca,31,2024-07-29,112
BLACK_Prod_5,BLACK,Tuxcueca,32,2024-08-05,125
BLACK_Prod_5,BLACK,Tuxcueca,33,2024-08-12,110
BLACK_Prod_5,BLACK,Tuxcueca,34,2024-08-19,100
BLACK_Prod_5,BLACK,Tuxcueca,35,2024-08-26,138
BLACK_Prod_5,BLACK,Tuxcueca,36,2024-09-02,106
BLACK_Prod_5,BLACK,Tuxcueca,37,2024-09-09,100
BLACK_Prod_5,BLACK,Tuxcueca,38,2024-09-16,82
BLACK_Prod_5,BLACK,Tuxcueca,39,2024-09-23,111
BLACK_Prod_5,BLACK,Tuxcueca,40,2024-09-30,90
BLACK_Prod_5,BLACK,Tuxcueca,41,2024-10-07,98
BLACK_Prod_5,BLACK,Tuxcueca,42,2024-10-14,105
BLACK_Prod_5,BLACK,Tuxcueca,43,2024-10-21,84
BLACK_Prod_5,BLACK,Tuxcueca,44,2024-10-28,91
BLACK_Prod_5,BLACK,Tuxcueca,45,2024-11-04,102
BLACK_Prod_5,BLACK,Tuxcueca,46,2024-11-11,65
BLACK_Prod_5,BLACK,Tuxcueca,47,2024-11-18,77
BLACK_Prod_5,BLACK,Tuxcueca,48,2024-11-25,74
BLACK_Prod_5,BLACK,Tuxcueca,49,2024-12-02,78
BLACK_Prod_5,BLACK,Tuxcueca,50,2024-12-09,77
BLUE_Prod_1,BLUE,Tuxcueca,1,2023-01-01,66
BLUE_Prod_1,BLUE,Tuxcueca,2,2023-01-08,83
BLUE_Prod_1,BLUE,Tuxcueca,3,2023-01-15,82
BLUE_Prod_1,BLUE,Tuxcueca,4,2023-01-22,69
BLUE_Prod_1,BLUE,Tuxcueca,5,2023-01-29,103
BLUE_Prod_1,BLUE,Tuxcueca,6,2023-02-05,82
BLUE_Prod_1,BLUE,Tuxcueca,7,2023-02-12,123
BLUE_Prod_1,BLUE,Tuxcueca,8,2023-02-19,94
BLUE_Prod_1,BLUE,Tuxcueca,9,2023-02-26,108
BLUE_Prod_1,BLUE,Tuxcueca,10,2023-03-05,125
BLUE_Prod_1,BLUE,Tuxcueca,11,2023-03-12,127
BLUE_Prod_1,BLUE,Tuxcueca,12,2023-03-19,136
BLUE_Prod_1,BLUE,Tuxcueca,13,2023-03-26,99
BLUE_Prod_1,BLUE,Tuxcueca,14,2023-04-02,107
BLUE_Prod_1,BLUE,Tuxcueca,15,2023-04-09,126
BLUE_Prod_1,BLUE,Tuxcueca,16,2023-04-16,137
BLUE_Prod_1,BLUE,Tuxcueca,17,2023-04-23,130
BLUE_Prod_1,BLUE,Tuxcueca,18,2023-04-30,111
BLUE_Prod_1,BLUE,Tuxcueca,19,2023-05-07,143
BLUE_Prod_1,BLUE,Tuxcueca,20,2023-05-14,137
BLUE_Prod_1,BLUE,Tuxcueca,21,2023-05-21,140
BLUE_Prod_1,BLUE,Tuxcueca,22,2023-05-28,113
BLUE_Prod_1,BLUE,Tuxcueca,23,2023-06-04,161
BLUE_Prod_1,BLUE,Tuxcueca,24,2023-06-11,155
BLUE_Prod_1,BLUE,Tuxcueca,25,2023-06-18,184
BLUE_Prod_1,BLUE,Tuxcueca,26,2023-06-25,155
BLUE_Prod_1,BLUE,Tuxcueca,27,2023-07-02,162
BLUE_Prod_1,BLUE,Tuxcueca,28,2023-07-09,163
BLUE_Prod_1,BLUE,Tuxcueca,29,2023-07-16,122
BLUE_Prod_1,BLUE,Tuxcueca,30,2023-07-23,183
BLUE_Prod_1,BLUE,Tuxcueca,31,2023-07-30,136
BLUE_Prod_1,BLUE,Tuxcueca,32,2023-08-06,147
BLUE_Prod_1,BLUE,Tuxcueca,33,2023-08-13,146
BLUE_Prod_1,BLUE,Tuxcueca,34,2023-08-20,123
BLUE_Prod_1,BLUE,Tuxcueca,35,2023-08-27,156
BLUE_Prod_1,BLUE,Tuxcueca,36,2023-09-03,132
BLUE_Prod_1,BLUE,Tuxcueca,37,2023-09-10,124
BLUE_Prod_1,BLUE,Tuxcueca,38,2023-09-17,125
BLUE_Prod_1,BLUE,Tuxcueca,39,2023-09-24,130
BLUE_Prod_1,BLUE,Tuxcueca,40,2023-10-01,118
BLUE_Prod_1,BLUE,Tuxcueca,41,2023-10-08,126
BLUE_Prod_1,BLUE,Tuxcueca,42,2023-10-15,94
BLUE_Prod_1,BLUE,Tuxcueca,43,2023-10-22,102
BLUE_Prod_1,BLUE,Tuxcueca,44,2023-10-29,84
BLUE_Prod_1,BLUE,Tuxcueca,45,2023-11-05,125
BLUE_Prod_1,BLUE,Tuxcueca,46,2023-11-12,122
BLUE_Prod_1,BLUE,Tuxcueca,47,2023-11-19,105
BLUE_Prod_1,BLUE,Tuxcueca,48,2023-11-26,87
BLUE_Prod_1,BLUE,Tuxcueca,49,2023-12-03,116
BLUE_Prod_1,BLUE,Tuxcueca,50,2023-12-10,85
BLUE_Prod_1,BLUE,Tuxcueca,1,2024-01-01,76
BLUE_Prod_1,BLUE,Tuxcueca,2,2024-01-08,83
BLUE_Prod_1,BLUE,Tuxcueca,3,2024-01-15,88
BLUE_Prod_1,BLUE,Tuxcueca,4,2024-01-22,93
BLUE_Prod_1,BLUE,Tuxcueca,5,2024-01-29,97
BLUE_Prod_1,BLUE,Tuxcueca,6,2024-02-05,93
BLUE_Prod_1,BLUE,Tuxcueca,7,2024-02-12,104
BLUE_Prod_1,BLUE,Tuxcueca,8,2024-02-19,99
BLUE_Prod_1,BLUE,Tuxcueca,9,2024-02-26,110
BLUE_Prod_1,BLUE,Tuxcueca,10,2024-03-04,113
BLUE_Prod_1,BLUE,Tuxcueca,11,2024-03-11,119
BLUE_Prod_1,BLUE,Tuxcueca,12,2024-03-18,121
BLUE_Prod_1,BLUE,Tuxcueca,13,2024-03-25,112
BLUE_Prod_1,BLUE,Tuxcueca,14,2024-04-01,126
BLUE_Prod_1,BLUE,Tuxcueca,15,2024-04-08,132
BLUE_Prod_1,BLUE,Tuxcueca,16,2024-04-15,110
BLUE_Prod_1,BLUE,Tuxcueca,17,2024-04-22,126
BLUE_Prod_1,BLUE,Tuxcueca,18,2024-04-29,141
BLUE_Prod_1,BLUE,Tuxcueca,19,2024-05-06,160
BLUE_Prod_1,BLUE,Tuxcueca,20,2024-05-13,151
BLUE_Prod_1,BLUE,Tuxcueca,21,2024-05-20,168
BLUE_Prod_1,BLUE,Tuxcueca,22,2024-05-27,140
BLUE_Prod_1,BLUE,Tuxcueca,23,2024-06-03,153
BLUE_Prod_1,BLUE,Tuxcueca,24,2024-06-10,165
BLUE_Prod_1,BLUE,Tuxcueca,25,2024-06-17,120
BLUE_Prod_1,BLUE,Tuxcueca,26,2024-06-24,180
BLUE_Prod_1,BLUE,Tuxcueca,27,2024-07-01,125
BLUE_Prod_1,BLUE,Tuxcueca,28,2024-07-08,166
BLUE_Prod_1,BLUE,Tuxcueca,29,2024-07-15,158
BLUE_Prod_1,BLUE,Tuxcueca,30,2024-07-22,111
BLUE_Prod_1,BLUE,Tuxcueca,31,2024-07-29,110
BLUE_Prod_1,BLUE,Tuxcueca,32,2024-08-05,160
BLUE_Prod_1,BLUE,Tuxcueca,33,2024-08-12,154
BLUE_Prod_1,BLUE,Tuxcueca,34,2024-08-19,123
BLUE_Prod_1,BLUE,Tuxcueca,35,2024-08-26,120
BLUE_Prod_1,BLUE,Tuxcueca,36,2024-09-02,136
BLUE_Prod_1,BLUE,Tuxcueca,37,2024-09-09,126
BLUE_Prod_1,BLUE,Tuxcueca,38,2024-09-16,137
BLUE_Prod_1,BLUE,Tuxcueca,39,2024-09-23,127
BLUE_Prod_1,BLUE,Tuxcueca,40,2024-09-30,137
BLUE_Prod_1,BLUE,Tuxcueca,41,2024-10-07,127
BLUE_Prod_1,BLUE,Tuxcueca,42,2024-10-14,121
BLUE_Prod_1,BLUE,Tuxcueca,43,2024-10-21,106
BLUE_Prod_1,BLUE,Tuxcueca,44,2024-10-28,103
BLUE_Prod_1,BLUE,Tuxcueca,45,2024-11-04,104
BLUE_Prod_1,BLUE,Tuxcueca,46,2024-11-11,121
BLUE_Prod_1,BLUE,Tuxcueca,47,2024-11-18,95
BLUE_Prod_1,BLUE,Tuxcueca,48,2024-11-25,99
BLUE_Prod_1,BLUE,Tuxcueca,49,2024-12-02,73
BLUE_Prod_1,BLUE,Tuxcueca,50,2024-12-09,97
BLUE_Prod_2,BLUE,Tangancícuaro,1,2023-01-01,76
BLUE_Prod_2,BLUE,Tangancícuaro,2,2023-01-08,73
BLUE_Prod_2,BLUE,Tangancícuaro,3,2023-01-15,81
BLUE_Prod_2,BLUE,Tangancícuaro,4,2023-01-22,91
BLUE_Prod_2,BLUE,Tangancícuaro,5,2023-01-29,98
BLUE_Prod_2,BLUE,Tangancícuaro,6,2023-02-05,86
BLUE_Prod_2,BLUE,Tangancícuaro,7,2023-02-12,106
BLUE_Prod_2,BLUE,Tangancícuaro,8,2023-02-19,114
BLUE_Prod_2,BLUE,Tangancícuaro,9,2023-02-26,108
BLUE_Prod_2,BLUE,Tangancícuaro,10,2023-03-05,127
BLUE_Prod_2,BLUE,Tangancícuaro,11,2023-03-12,102
BLUE_Prod_2,BLUE,Tangancícuaro,12,2023-03-19,100
BLUE_Prod_2,BLUE,Tangancícuaro,13,2023-03-26,96
BLUE_Prod_2,BLUE,Tangancícuaro,14,2023-04-02,138
BLUE_Prod_2,BLUE,Tangancícuaro,15,2023-04-09,132
BLUE_Prod_2,BLUE,Tangancícuaro,16,2023-04-16,126
BLUE_Prod_2,BLUE,Tangancícuaro,17,2023-04-23,134
BLUE_Prod_2,BLUE,Tangancícuaro,18,2023-04-30,118
BLUE_Prod_2,BLUE,Tangancícuaro,19,2023-05-07,170
BLUE_Prod_2,BLUE,Tangancícuaro,20,2023-05-14,142
BLUE_Prod_2,BLUE,Tangancícuaro,21,2023-05-21,145
BLUE_Prod_2,BLUE,Tangancícuaro,22,2023-05-28,157
BLUE_Prod_2,BLUE,Tangancícuaro,23,2023-06-04,157
BLUE_Prod_2,BLUE,Tangancícuaro,24,2023-06-11,156
BLUE_Prod_2,BLUE,Tangancícuaro,25,2023-06-18,144
BLUE_Prod_2,BLUE,Tangancícuaro,26,2023-06-25,163
BLUE_Prod_2,BLUE,Tangancícuaro,27,2023-07-02,182
BLUE_Prod_2,BLUE,Tangancícuaro,28,2023-07-09,171
BLUE_Prod_2,BLUE,Tangancícuaro,29,2023-07-16,171
BLUE_Prod_2,BLUE,Tangancícuaro,30,2023-07-23,138
BLUE_Prod_2,BLUE,Tangancícuaro,31,2023-07-30,128
BLUE_Prod_2,BLUE,Tangancícuaro,32,2023-08-06,138
BLUE_Prod_2,BLUE,Tangancícuaro,33,2023-08-13,138
BLUE_Prod_2,BLUE,Tangancícuaro,34,2023-08-20,149
BLUE_Prod_2,BLUE,Tangancícuaro,35,2023-08-27,109
BLUE_Prod_2,BLUE,Tangancícuaro,36,2023-09-03,149
BLUE_Prod_2,BLUE,Tangancícuaro,37,2023-09-10,124
BLUE_Prod_2,BLUE,Tangancícuaro,38,2023-09-17,118
BLUE_Prod_2,BLUE,Tangancícuaro,39,2023-09-24,109
BLUE_Prod_2,BLUE,Tangancícuaro,40,2023-10-01,99
BLUE_Prod_2,BLUE,Tangancícuaro,41,2023-10-08,125
BLUE_Prod_2,BLUE,Tangancícuaro,42,2023-10-15,113
BLUE_Prod_2,BLUE,Tangancícuaro,43,2023-10-22,96
BLUE_Prod_2,BLUE,Tangancícuaro,44,2023-10-29,93
BLUE_Prod_2,BLUE,Tangancícuaro,45,2023-11-05,101
BLUE_Prod_2,BLUE,Tangancícuaro,46,2023-11-12,119
BLUE_Prod_2,BLUE,Tangancícuaro,47,2023-11-19,97
BLUE_Prod_2,BLUE,Tangancícuaro,48,2023-11-26,82
BLUE_Prod_2,BLUE,Tangancícuaro,49,2023-12-03,91
BLUE_Prod_2,BLUE,Tangancícuaro,50,2023-12-10,89
BLUE_Prod_2,BLUE,Tangancícuaro,1,2024-01-01,57
BLUE_Prod_2,BLUE,Tangancícuaro,2,2024-01-08,81
BLUE_Prod_2,BLUE,Tangancícuaro,3,2024-01-15,83
BLUE_Prod_2,BLUE,Tangancícuaro,4,2024-01-22,94
BLUE_Prod_2,BLUE,Tangancícuaro,5,2024-01-29,108
BLUE_Prod_2,BLUE,Tangancícuaro,6,2024-02-05,105
BLUE_Prod_2,BLUE,Tangancícuaro,7,2024-02-12,95
BLUE_Prod_2,BLUE,Tangancícuaro,8,2024-02-19,90
BLUE_Prod_2,BLUE,Tangancícuaro,9,2024-02-26,131
BLUE_Prod_2,BLUE,Tangancícuaro,10,2024-03-04,108
BLUE_Prod_2,BLUE,Tangancícuaro,11,2024-03-11,111
BLUE_Prod_2,BLUE,Tangancícuaro,12,2024-03-18,113
BLUE_Prod_2,BLUE,Tangancícuaro,13,2024-03-25,119
BLUE_Prod_2,BLUE,Tangancícuaro,14,2024-04-01,119
BLUE_Prod_2,BLUE,Tangancícuaro,15,2024-04-08,116
BLUE_Prod_2,BLUE,Tangancícuaro,16,2024-04-15,120
BLUE_Prod_2,BLUE,Tangancícuaro,17,2024-04-22,130
BLUE_Prod_2,BLUE,Tangancícuaro,18,2024-04-29,126
BLUE_Prod_2,BLUE,Tangancícuaro,19,2024-05-06,127
BLUE_Prod_2,BLUE,Tangancícuaro,20,2024-05-13,141
BLUE_Prod_2,BLUE,Tangancícuaro,21,2024-05-20,139
BLUE_Prod_2,BLUE,Tangancícuaro,22,2024-05-27,168
BLUE_Prod_2,BLUE,Tangancícuaro,23,2024-06-03,110
BLUE_Prod_2,BLUE,Tangancícuaro,24,2024-06-10,169
BLUE_Prod_2,BLUE,Tangancícuaro,25,2024-06-17,175
BLUE_Prod_2,BLUE,Tangancícuaro,26,2024-06-24,124
BLUE_Prod_2,BLUE,Tangancícuaro,27,2024-07-01,148
BLUE_Prod_2,BLUE,Tangancícuaro,28,2024-07-08,145
BLUE_Prod_2,BLUE,Tangancícuaro,29,2024-07-15,127
BLUE_Prod_2,BLUE,Tangancícuaro,30,2024-07-22,134
BLUE_Prod_2,BLUE,Tangancícuaro,31,2024-07-29,127
BLUE_Prod_2,BLUE,Tangancícuaro,32,2024-08-05,164
BLUE_Prod_2,BLUE,Tangancícuaro,33,2024-08-12,150
BLUE_Prod_2,BLUE,Tangancícuaro,34,2024-08-19,151
BLUE_Prod_2,BLUE,Tangancícuaro,35,2024-08-26,141
BLUE_Prod_2,BLUE,Tangancícuaro,36,2024-09-02,114
BLUE_Prod_2,BLUE,Tangancícuaro,37,2024-09-09,120
BLUE_Prod_2,BLUE,Tangancícuaro,38,2024-09-16,130
BLUE_Prod_2,BLUE,Tangancícuaro,39,2024-09-23,106
BLUE_Prod_2,BLUE,Tangancícuaro,40,2024-09-30,127
BLUE_Prod_2,BLUE,Tangancícuaro,41,2024-10-07,113
BLUE_Prod_2,BLUE,Tangancícuaro,42,2024-10-14,108
BLUE_Prod_2,BLUE,Tangancícuaro,43,2024-10-21,118
BLUE_Prod_2,BLUE,Tangancícuaro,44,2024-10-28,112
BLUE_Prod_2,BLUE,Tangancícuaro,45,2024-11-04,101
BLUE_Prod_2,BLUE,Tangancícuaro,46,2024-11-11,114
BLUE_Prod_2,BLUE,Tangancícuaro,47,2024-11-18,88
BLUE_Prod_2,BLUE,Tangancícuaro,48,2024-11-25,102
BLUE_Prod_2,BLUE,Tangancícuaro,49,2024-12-02,99
BLUE_Prod_2,BLUE,Tangancícuaro,50,2024-12-09,88
BLUE_Prod_3,BLUE,Guzmán,1,2023-01-01,65
BLUE_Prod_3,BLUE,Guzmán,2,2023-01-08,96
BLUE_Prod_3,BLUE,Guzmán,3,2023-01-15,74
BLUE_Prod_3,BLUE,Guzmán,4,2023-01-22,81
BLUE_Prod_3,BLUE,Guzmán,5,2023-01-29,103
BLUE_Prod_3,BLUE,Guzmán,6,2023-02-05,78
BLUE_Prod_3,BLUE,Guzmán,7,2023-02-12,105
BLUE_Prod_3,BLUE,Guzmán,8,2023-02-19,87
BLUE_Prod_3,BLUE,Guzmán,9,2023-02-26,117
BLUE_Prod_3,BLUE,Guzmán,10,2023-03-05,84
BLUE_Prod_3,BLUE,Guzmán,11,2023-03-12,91
BLUE_Prod_3,BLUE,Guzmán,12,2023-03-19,108
BLUE_Prod_3,BLUE,Guzmán,13,2023-03-26,128
BLUE_Prod_3,BLUE,Guzmán,14,2023-04-02,120
BLUE_Prod_3,BLUE,Guzmán,15,2023-04-09,119
BLUE_Prod_3,BLUE,Guzmán,16,2023-04-16,144
BLUE_Prod_3,BLUE,Guzmán,17,2023-04-23,158
BLUE_Prod_3,BLUE,Guzmán,18,2023-04-30,142
BLUE_Prod_3,BLUE,Guzmán,19,2023-05-07,128
BLUE_Prod_3,BLUE,Guzmán,20,2023-05-14,134
BLUE_Prod_3,BLUE,Guzmán,21,2023-05-21,125
BLUE_Prod_3,BLUE,Guzmán,22,2023-05-28,148
BLUE_Prod_3,BLUE,Guzmán,23,2023-06-04,125
BLUE_Prod_3,BLUE,Guzmán,24,2023-06-11,161
BLUE_Prod_3,BLUE,Guzmán,25,2023-06-18,187
BLUE_Prod_3,BLUE,Guzmán,26,2023-06-25,167
BLUE_Prod_3,BLUE,Guzmán,27,2023-07-02,146
BLUE_Prod_3,BLUE,Guzmán,28,2023-07-09,159
BLUE_Prod_3,BLUE,Guzmán,29,2023-07-16,172
BLUE_Prod_3,BLUE,Guzmán,30,2023-07-23,168
BLUE_Prod_3,BLUE,Guzmán,31,2023-07-30,128
BLUE_Prod_3,BLUE,Guzmán,32,2023-08-06,147
BLUE_Prod_3,BLUE,Guzmán,33,2023-08-13,135
BLUE_Prod_3,BLUE,Guzmán,34,2023-08-20,145
BLUE_Prod_3,BLUE,Guzmán,35,2023-08-27,137
BLUE_Prod_3,BLUE,Guzmán,36,2023-09-03,98
BLUE_Prod_3,BLUE,Guzmán,37,2023-09-10,122
BLUE_Prod_3,BLUE,Guzmán,38,2023-09-17,126
BLUE_Prod_3,BLUE,Guzmán,39,2023-09-24,103
BLUE_Prod_3,BLUE,Guzmán,40,2023-10-01,125
BLUE_Prod_3,BLUE,Guzmán,41,2023-10-08,98
BLUE_Prod_3,BLUE,Guzmán,42,2023-10-15,104
BLUE_Prod_3,BLUE,Guzmán,43,2023-10-22,125
BLUE_Prod_3,BLUE,Guzmán,44,2023-10-29,98
BLUE_Prod_3,BLUE,Guzmán,45,2023-11-05,111
BLUE_Prod_3,BLUE,Guzmán,46,2023-11-12,84
BLUE_Prod_3,BLUE,Guzmán,47,2023-11-19,120
BLUE_Prod_3,BLUE,Guzmán,48,2023-11-26,93
BLUE_Prod_3,BLUE,Guzmán,49,2023-12-03,95
BLUE_Prod_3,BLUE,Guzmán,50,2023-12-10,93
BLUE_Prod_3,BLUE,Guzmán,1,2024-01-01,83
BLUE_Prod_3,BLUE,Guzmán,2,2024-01-08,69
BLUE_Prod_3,BLUE,Guzmán,3,2024-01-15,84
BLUE_Prod_3,BLUE,Guzmán,4,2024-01-22,82
BLUE_Prod_3,BLUE,Guzmán,5,2024-01-29,76
BLUE_Prod_3,BLUE,Guzmán,6,2024-02-05,104
BLUE_Prod_3,BLUE,Guzmán,7,2024-02-12,94
BLUE_Prod_3,BLUE,Guzmán,8,2024-02-19,103
BLUE_Prod_3,BLUE,Guzmán,9,2024-02-26,106
BLUE_Prod_3,BLUE,Guzmán,10,2024-03-04,104
BLUE_Prod_3,BLUE,Guzmán,11,2024-03-11,132
BLUE_Prod_3,BLUE,Guzmán,12,2024-03-18,113
BLUE_Prod_3,BLUE,Guzmán,13,2024-03-25,99
BLUE_Prod_3,BLUE,Guzmán,14,2024-04-01,115
BLUE_Prod_3,BLUE,Guzmán,15,2024-04-08,130
BLUE_Prod_3,BLUE,Guzmán,16,2024-04-15,134
BLUE_Prod_3,BLUE,Guzmán,17,2024-04-22,116
BLUE_Prod_3,BLUE,Guzmán,18,2024-04-29,146
BLUE_Prod_3,BLUE,Guzmán,19,2024-05-06,112
BLUE_Prod_3,BLUE,Guzmán,20,2024-05-13,156
BLUE_Prod_3,BLUE,Guzmán,21,2024-05-20,124
BLUE_Prod_3,BLUE,Guzmán,22,2024-05-27,143
BLUE_Prod_3,BLUE,Guzmán,23,2024-06-03,165
BLUE_Prod_3,BLUE,Guzmán,24,2024-06-10,155
BLUE_Prod_3,BLUE,Guzmán,25,2024-06-17,169
BLUE_Prod_3,BLUE,Guzmán,26,2024-06-24,166
BLUE_Prod_3,BLUE,Guzmán,27,2024-07-01,173
BLUE_Prod_3,BLUE,Guzmán,28,2024-07-08,167
BLUE_Prod_3,BLUE,Guzmán,29,2024-07-15,141
BLUE_Prod_3,BLUE,Guzmán,30,2024-07-22,154
BLUE_Prod_3,BLUE,Guzmán,31,2024-07-29,121
BLUE_Prod_3,BLUE,Guzmán,32,2024-08-05,139
BLUE_Prod_3,BLUE,Guzmán,33,2024-08-12,148
BLUE_Prod_3,BLUE,Guzmán,34,2024-08-19,136
BLUE_Prod_3,BLUE,Guzmán,35,2024-08-26,138
BLUE_Prod_3,BLUE,Guzmán,36,2024-09-02,126
BLUE_Prod_3,BLUE,Guzmán,37,2024-09-09,140
BLUE_Prod_3,BLUE,Guzmán,38,2024-09-16,123
BLUE_Prod_3,BLUE,Guzmán,39,2024-09-23,115
BLUE_Prod_3,BLUE,Guzmán,40,2024-09-30,129
BLUE_Prod_3,BLUE,Guzmán,41,2024-10-07,99
BLUE_Prod_3,BLUE,Guzmán,42,2024-10-14,118
BLUE_Prod_3,BLUE,Guzmán,43,2024-10-21,98
BLUE_Prod_3,BLUE,Guzmán,44,2024-10-28,121
BLUE_Prod_3,BLUE,Guzmán,45,2024-11-04,102
BLUE_Prod_3,BLUE,Guzmán,46,2024-11-11,103
BLUE_Prod_3,BLUE,Guzmán,47,2024-11-18,103
BLUE_Prod_3,BLUE,Guzmán,48,2024-11-25,78
BLUE_Prod_3,BLUE,Guzmán,49,2024-12-02,88
BLUE_Prod_3,BLUE,Guzmán,50,2024-12-09,100
BLUE_Prod_4,BLUE,Guzmán,1,2023-01-01,57
BLUE_Prod_4,BLUE,Guzmán,2,2023-01-08,87
BLUE_Prod_4,BLUE,Guzmán,3,2023-01-15,83
BLUE_Prod_4,BLUE,Guzmán,4,2023-01-22,96
BLUE_Prod_4,BLUE,Guzmán,5,2023-01-29,93
BLUE_Prod_4,BLUE,Guzmán,6,2023-02-05,94
BLUE_Prod_4,BLUE,Guzmán,7,2023-02-12,104
BLUE_Prod_4,BLUE,Guzmán,8,2023-02-19,99
BLUE_Prod_4,BLUE,Guzmán,9,2023-02-26,104
BLUE_Prod_4,BLUE,Guzmán,10,2023-03-05,101
BLUE_Prod_4,BLUE,Guzmán,11,2023-03-12,93
BLUE_Prod_4,BLUE,Guzmán,12,2023-03-19,120
BLUE_Prod_4,BLUE,Guzmán,13,2023-03-26,108
BLUE_Prod_4,BLUE,Guzmán,14,2023-04-02,118
BLUE_Prod_4,BLUE,Guzmán,15,2023-04-09,127
BLUE_Prod_4,BLUE,Guzmán,16,2023-04-16,100
BLUE_Prod_4,BLUE,Guzmán,17,2023-04-23,106
BLUE_Prod_4,BLUE,Guzmán,18,2023-04-30,129
BLUE_Prod_4,BLUE,Guzmán,19,2023-05-07,143
BLUE_Prod_4,BLUE,Guzmán,20,2023-05-14,150
BLUE_Prod_4,BLUE,Guzmán,21,2023-05-21,120
BLUE_Prod_4,BLUE,Guzmán,22,2023-05-28,156
BLUE_Prod_4,BLUE,Guzmán,23,2023-06-04,146
BLUE_Prod_4,BLUE,Guzmán,24,2023-06-11,139
BLUE_Prod_4,BLUE,Guzmán,25,2023-06-18,146
BLUE_Prod_4,BLUE,Guzmán,26,2023-06-25,169
BLUE_Prod_4,BLUE,Guzmán,27,2023-07-02,157
BLUE_Prod_4,BLUE,Guzmán,28,2023-07-09,151
BLUE_Prod_4,BLUE,Guzmán,29,2023-07-16,151
BLUE_Prod_4,BLUE,Guzmán,30,2023-07-23,159
BLUE_Prod_4,BLUE,Guzmán,31,2023-07-30,141
BLUE_Prod_4,BLUE,Guzmán,32,2023-08-06,141
BLUE_Prod_4,BLUE,Guzmán,33,2023-08-13,153
BLUE_Prod_4,BLUE,Guzmán,34,2023-08-20,130
BLUE_Prod_4,BLUE,Guzmán,35,2023-08-27,140
BLUE_Prod_4,BLUE,Guzmán,36,2023-09-03,122
BLUE_Prod_4,BLUE,Guzmán,37,2023-09-10,121
BLUE_Prod_4,BLUE,Guzmán,38,2023-09-17,122
BLUE_Prod_4,BLUE,Guzmán,39,2023-09-24,127
BLUE_Prod_4,BLUE,Guzmán,40,2023-10-01,132
BLUE_Prod_4,BLUE,Guzmán,41,2023-10-08,116
BLUE_Prod_4,BLUE,Guzmán,42,2023-10-15,96
BLUE_Prod_4,BLUE,Guzmán,43,2023-10-22,117
BLUE_Prod_4,BLUE,Guzmán,44,2023-10-29,134
BLUE_Prod_4,BLUE,Guzmán,45,2023-11-05,106
BLUE_Prod_4,BLUE,Guzmán,46,2023-11-12,84
BLUE_Prod_4,BLUE,Guzmán,47,2023-11-19,101
BLUE_Prod_4,BLUE,Guzmán,48,2023-11-26,96
BLUE_Prod_4,BLUE,Guzmán,49,2023-12-03,93
BLUE_Prod_4,BLUE,Guzmán,50,2023-12-10,100
BLUE_Prod_4,BLUE,Guzmán,1,2024-01-01,89
BLUE_Prod_4,BLUE,Guzmán,2,2024-01-08,87
BLUE_Prod_4,BLUE,Guzmán,3,2024-01-15,83
BLUE_Prod_4,BLUE,Guzmán,4,2024-01-22,98
BLUE_Prod_4,BLUE,Guzmán,5,2024-01-29,77
BLUE_Prod_4,BLUE,Guzmán,6,2024-02-05,88
BLUE_Prod_4,BLUE,Guzmán,7,2024-02-12,92
BLUE_Prod_4,BLUE,Guzmán,8,2024-02-19,100
BLUE_Prod_4,BLUE,Guzmán,9,2024-02-26,109
BLUE_Prod_4,BLUE,Guzmán,10,2024-03-04,105
BLUE_Prod_4,BLUE,Guzmán,11,2024-03-11,100
BLUE_Prod_4,BLUE,Guzmán,12,2024-03-18,125
BLUE_Prod_4,BLUE,Guzmán,13,2024-03-25,114
BLUE_Prod_4,BLUE,Guzmán,14,2024-04-01,121
BLUE_Prod_4,BLUE,Guzmán,15,2024-04-08,130
BLUE_Prod_4,BLUE,Guzmán,16,2024-04-15,127
BLUE_Prod_4,BLUE,Guzmán,17,2024-04-22,131
BLUE_Prod_4,BLUE,Guzmán,18,2024-04-29,147
BLUE_Prod_4,BLUE,Guzmán,19,2024-05-06,139
BLUE_Prod_4,BLUE,Guzmán,20,2024-05-13,152
BLUE_Prod_4,BLUE,Guzmán,21,2024-05-20,151
BLUE_Prod_4,BLUE,Guzmán,22,2024-05-27,176
BLUE_Prod_4,BLUE,Guzmán,23,2024-06-03,156
BLUE_Prod_4,BLUE,Guzmán,24,2024-06-10,162
BLUE_Prod_4,BLUE,Guzmán,25,2024-06-17,173
BLUE_Prod_4,BLUE,Guzmán,26,2024-06-24,157
BLUE_Prod_4,BLUE,Guzmán,27,2024-07-01,144
BLUE_Prod_4,BLUE,Guzmán,28,2024-07-08,143
BLUE_Prod_4,BLUE,Guzmán,29,2024-07-15,141
BLUE_Prod_4,BLUE,Guzmán,30,2024-07-22,131
BLUE_Prod_4,BLUE,Guzmán,31,2024-07-29,147
BLUE_Prod_4,BLUE,Guzmán,32,2024-08-05,131
BLUE_Prod_4,BLUE,Guzmán,33,2024-08-12,140
BLUE_Prod_4,BLUE,Guzmán,34,2024-08-19,132
BLUE_Prod_4,BLUE,Guzmán,35,2024-08-26,131
BLUE_Prod_4,BLUE,Guzmán,36,2024-09-02,136
BLUE_Prod_4,BLUE,Guzmán,37,2024-09-09,119
BLUE_Prod_4,BLUE,Guzmán,38,2024-09-16,131
BLUE_Prod_4,BLUE,Guzmán,39,2024-09-23,140
BLUE_Prod_4,BLUE,Guzmán,40,2024-09-30,122
BLUE_Prod_4,BLUE,Guzmán,41,2024-10-07,106
BLUE_Prod_4,BLUE,Guzmán,42,2024-10-14,106
BLUE_Prod_4,BLUE,Guzmán,43,2024-10-21,107
BLUE_Prod_4,BLUE,Guzmán,44,2024-10-28,101
BLUE_Prod_4,BLUE,Guzmán,45,2024-11-04,94
BLUE_Prod_4,BLUE,Guzmán,46,2024-11-11,103
BLUE_Prod_4,BLUE,Guzmán,47,2024-11-18,97
BLUE_Prod_4,BLUE,Guzmán,48,2024-11-25,98
BLUE_Prod_4,BLUE,Guzmán,49,2024-12-02,105
BLUE_Prod_4,BLUE,Guzmán,50,2024-12-09,89
BLUE_Prod_5,BLUE,Jocotepec,1,2023-01-01,83
BLUE_Prod_5,BLUE,Jocotepec,2,2023-01-08,83
BLUE_Prod_5,BLUE,Jocotepec,3,2023-01-15,81
BLUE_Prod_5,BLUE,Jocotepec,4,2023-01-22,89
BLUE_Prod_5,BLUE,Jocotepec,5,2023-01-29,101
BLUE_Prod_5,BLUE,Jocotepec,6,2023-02-05,85
BLUE_Prod_5,BLUE,Jocotepec,7,2023-02-12,99
BLUE_Prod_5,BLUE,Jocotepec,8,2023-02-19,94
BLUE_Prod_5,BLUE,Jocotepec,9,2023-02-26,116
BLUE_Prod_5,BLUE,Jocotepec,10,2023-03-05,91
BLUE_Prod_5,BLUE,Jocotepec,11,2023-03-12,104
BLUE_Prod_5,BLUE,Jocotepec,12,2023-03-19,118
BLUE_Prod_5,BLUE,Jocotepec,13,2023-03-26,135
BLUE_Prod_5,BLUE,Jocotepec,14,2023-04-02,119
BLUE_Prod_5,BLUE,Jocotepec,15,2023-04-09,117
BLUE_Prod_5,BLUE,Jocotepec,16,2023-04-16,151
BLUE_Prod_5,BLUE,Jocotepec,17,2023-04-23,111
BLUE_Prod_5,BLUE,Jocotepec,18,2023-04-30,104
BLUE_Prod_5,BLUE,Jocotepec,19,2023-05-07,143
BLUE_Prod_5,BLUE,Jocotepec,20,2023-05-14,133
BLUE_Prod_5,BLUE,Jocotepec,21,2023-05-21,128
BLUE_Prod_5,BLUE,Jocotepec,22,2023-05-28,157
BLUE_Prod_5,BLUE,Jocotepec,23,2023-06-04,153
BLUE_Prod_5,BLUE,Jocotepec,24,2023-06-11,144
BLUE_Prod_5,BLUE,Jocotepec,25,2023-06-18,136
BLUE_Prod_5,BLUE,Jocotepec,26,2023-06-25,170
BLUE_Prod_5,BLUE,Jocotepec,27,2023-07-02,163
BLUE_Prod_5,BLUE,Jocotepec,28,2023-07-09,149
BLUE_Prod_5,BLUE,Jocotepec,29,2023-07-16,175
BLUE_Prod_5,BLUE,Jocotepec,30,2023-07-23,130
BLUE_Prod_5,BLUE,Jocotepec,31,2023-07-30,121
BLUE_Prod_5,BLUE,Jocotepec,32,2023-08-06,130
BLUE_Prod_5,BLUE,Jocotepec,33,2023-08-13,136
BLUE_Prod_5,BLUE,Jocotepec,34,2023-08-20,138
BLUE_Prod_5,BLUE,Jocotepec,35,2023-08-27,128
BLUE_Prod_5,BLUE,Jocotepec,36,2023-09-03,133
BLUE_Prod_5,BLUE,Jocotepec,37,2023-09-10,110
BLUE_Prod_5,BLUE,Jocotepec,38,2023-09-17,141
BLUE_Prod_5,BLUE,Jocotepec,39,2023-09-24,120
BLUE_Prod_5,BLUE,Jocotepec,40,2023-10-01,131
BLUE_Prod_5,BLUE,Jocotepec,41,2023-10-08,119
BLUE_Prod_5,BLUE,Jocotepec,42,2023-10-15,118
BLUE_Prod_5,BLUE,Jocotepec,43,2023-10-22,116
BLUE_Prod_5,BLUE,Jocotepec,44,2023-10-29,112
BLUE_Prod_5,BLUE,Jocotepec,45,2023-11-05,111
BLUE_Prod_5,BLUE,Jocotepec,46,2023-11-12,115
BLUE_Prod_5,BLUE,Jocotepec,47,2023-11-19,101
BLUE_Prod_5,BLUE,Jocotepec,48,2023-11-26,103
BLUE_Prod_5,BLUE,Jocotepec,49,2023-12-03,93
BLUE_Prod_5,BLUE,Jocotepec,50,2023-12-10,104
BLUE_Prod_5,BLUE,Jocotepec,1,2024-01-01,73
BLUE_Prod_5,BLUE,Jocotepec,2,2024-01-08,96
BLUE_Prod_5,BLUE,Jocotepec,3,2024-01-15,84
BLUE_Prod_5,BLUE,Jocotepec,4,2024-01-22,75
BLUE_Prod_5,BLUE,Jocotepec,5,2024-01-29,92
BLUE_Prod_5,BLUE,Jocotepec,6,2024-02-05,88
BLUE_Prod_5,BLUE,Jocotepec,7,2024-02-12,106
BLUE_Prod_5,BLUE,Jocotepec,8,2024-02-19,94
BLUE_Prod_5,BLUE,Jocotepec,9,2024-02-26,99
BLUE_Prod_5,BLUE,Jocotepec,10,2024-03-04,87
BLUE_Prod_5,BLUE,Jocotepec,11,2024-03-11,106
BLUE_Prod_5,BLUE,Jocotepec,12,2024-03-18,86
BLUE_Prod_5,BLUE,Jocotepec,13,2024-03-25,98
BLUE_Prod_5,BLUE,Jocotepec,14,2024-04-01,129
BLUE_Prod_5,BLUE,Jocotepec,15,2024-04-08,133
BLUE_Prod_5,BLUE,Jocotepec,16,2024-04-15,132
BLUE_Prod_5,BLUE,Jocotepec,17,2024-04-22,117
BLUE_Prod_5,BLUE,Jocotepec,18,2024-04-29,133
BLUE_Prod_5,BLUE,Jocotepec,19,2024-05-06,136
BLUE_Prod_5,BLUE,Jocotepec,20,2024-05-13,124
BLUE_Prod_5,BLUE,Jocotepec,21,2024-05-20,164
BLUE_Prod_5,BLUE,Jocotepec,22,2024-05-27,159
BLUE_Prod_5,BLUE,Jocotepec,23,2024-06-03,146
BLUE_Prod_5,BLUE,Jocotepec,24,2024-06-10,153
BLUE_Prod_5,BLUE,Jocotepec,25,2024-06-17,159
BLUE_Prod_5,BLUE,Jocotepec,26,2024-06-24,124
BLUE_Prod_5,BLUE,Jocotepec,27,2024-07-01,150
BLUE_Prod_5,BLUE,Jocotepec,28,2024-07-08,140
BLUE_Prod_5,BLUE,Jocotepec,29,2024-07-15,133
BLUE_Prod_5,BLUE,Jocotepec,30,2024-07-22,141
BLUE_Prod_5,BLUE,Jocotepec,31,2024-07-29,168
BLUE_Prod_5,BLUE,Jocotepec,32,2024-08-05,149
BLUE_Prod_5,BLUE,Jocotepec,33,2024-08-12,129
BLUE_Prod_5,BLUE,Jocotepec,34,2024-08-19,142
BLUE_Prod_5,BLUE,Jocotepec,35,2024-08-26,150
BLUE_Prod_5,BLUE,Jocotepec,36,2024-09-02,141
BLUE_Prod_5,BLUE,Jocotepec,37,2024-09-09,127
BLUE_Prod_5,BLUE,Jocotepec,38,2024-09-16,116
BLUE_Prod_5,BLUE,Jocotepec,39,2024-09-23,129
BLUE_Prod_5,BLUE,Jocotepec,40,2024-09-30,123
BLUE_Prod_5,BLUE,Jocotepec,41,2024-10-07,126
BLUE_Prod_5,BLUE,Jocotepec,42,2024-10-14,120
BLUE_Prod_5,BLUE,Jocotepec,43,2024-10-21,121
BLUE_Prod_5,BLUE,Jocotepec,44,2024-10-28,102
BLUE_Prod_5,BLUE,Jocotepec,45,2024-11-04,118
BLUE_Prod_5,BLUE,Jocotepec,46,2024-11-11,104
BLUE_Prod_5,BLUE,Jocotepec,47,2024-11-18,120
BLUE_Prod_5,BLUE,Jocotepec,48,2024-11-25,90
BLUE_Prod_5,BLUE,Jocotepec,49,2024-12-02,110
BLUE_Prod_5,BLUE,Jocotepec,50,2024-12-09,93
RASP_Prod_1,RASP,Zamora,1,2023-01-01,58
RASP_Prod_1,RASP,Zamora,2,2023-01-08,65
RASP_Prod_1,RASP,Zamora,3,2023-01-15,57
RASP_Prod_1,RASP,Zamora,4,2023-01-22,74
RASP_Prod_1,RASP,Zamora,5,2023-01-29,53
RASP_Prod_1,RASP,Zamora,6,2023-02-05,72
RASP_Prod_1,RASP,Zamora,7,2023-02-12,79
RASP_Prod_1,RASP,Zamora,8,2023-02-19,68
RASP_Prod_1,RASP,Zamora,9,2023-02-26,71
RASP_Prod_1,RASP,Zamora,10,2023-03-05,82
RASP_Prod_1,RASP,Zamora,11,2023-03-12,80
RASP_Prod_1,RASP,Zamora,12,2023-03-19,63
RASP_Prod_1,RASP,Zamora,13,2023-03-26,74
RASP_Prod_1,RASP,Zamora,14,2023-04-02,83
RASP_Prod_1,RASP,Zamora,15,2023-04-09,74
RASP_Prod_1,RASP,Zamora,16,2023-04-16,84
RASP_Prod_1,RASP,Zamora,17,2023-04-23,78
RASP_Prod_1,RASP,Zamora,18,2023-04-30,89
RASP_Prod_1,RASP,Zamora,19,2023-05-07,91
RASP_Prod_1,RASP,Zamora,20,2023-05-14,100
RASP_Prod_1,RASP,Zamora,21,2023-05-21,98
RASP_Prod_1,RASP,Zamora,22,2023-05-28,106
RASP_Prod_1,RASP,Zamora,23,2023-06-04,107
RASP_Prod_1,RASP,Zamora,24,2023-06-11,117
RASP_Prod_1,RASP,Zamora,25,2023-06-18,117
RASP_Prod_1,RASP,Zamora,26,2023-06-25,116
RASP_Prod_1,RASP,Zamora,27,2023-07-02,139
RASP_Prod_1,RASP,Zamora,28,2023-07-09,108
RASP_Prod_1,RASP,Zamora,29,2023-07-16,129
RASP_Prod_1,RASP,Zamora,30,2023-07-23,105
RASP_Prod_1,RASP,Zamora,31,2023-07-30,98
RASP_Prod_1,RASP,Zamora,32,2023-08-06,93
RASP_Prod_1,RASP,Zamora,33,2023-08-13,109
RASP_Prod_1,RASP,Zamora,34,2023-08-20,108
RASP_Prod_1,RASP,Zamora,35,2023-08-27,97
RASP_Prod_1,RASP,Zamora,36,2023-09-03,99
RASP_Prod_1,RASP,Zamora,37,2023-09-10,76
RASP_Prod_1,RASP,Zamora,38,2023-09-17,72
RASP_Prod_1,RASP,Zamora,39,2023-09-24,94
RASP_Prod_1,RASP,Zamora,40,2023-10-01,81
RASP_Prod_1,RASP,Zamora,41,2023-10-08,86
RASP_Prod_1,RASP,Zamora,42,2023-10-15,72
RASP_Prod_1,RASP,Zamora,43,2023-10-22,89
RASP_Prod_1,RASP,Zamora,44,2023-10-29,63
RASP_Prod_1,RASP,Zamora,45,2023-11-05,62
RASP_Prod_1,RASP,Zamora,46,2023-11-12,81
RASP_Prod_1,RASP,Zamora,47,2023-11-19,51
RASP_Prod_1,RASP,Zamora,48,2023-11-26,69
RASP_Prod_1,RASP,Zamora,49,2023-12-03,64
RASP_Prod_1,RASP,Zamora,50,2023-12-10,58
RASP_Prod_1,RASP,Zamora,1,2024-01-01,53
RASP_Prod_1,RASP,Zamora,2,2024-01-08,51
RASP_Prod_1,RASP,Zamora,3,2024-01-15,68
RASP_Prod_1,RASP,Zamora,4,2024-01-22,72
RASP_Prod_1,RASP,Zamora,5,2024-01-29,59
RASP_Prod_1,RASP,Zamora,6,2024-02-05,67
RASP_Prod_1,RASP,Zamora,7,2024-02-12,59
RASP_Prod_1,RASP,Zamora,8,2024-02-19,77
RASP_Prod_1,RASP,Zamora,9,2024-02-26,80
RASP_Prod_1,RASP,Zamora,10,2024-03-04,72
RASP_Prod_1,RASP,Zamora,11,2024-03-11,77
RASP_Prod_1,RASP,Zamora,12,2024-03-18,78
RASP_Prod_1,RASP,Zamora,13,2024-03-25,68
RASP_Prod_1,RASP,Zamora,14,2024-04-01,96
RASP_Prod_1,RASP,Zamora,15,2024-04-08,79
RASP_Prod_1,RASP,Zamora,16,2024-04-15,81
RASP_Prod_1,RASP,Zamora,17,2024-04-22,89
RASP_Prod_1,RASP,Zamora,18,2024-04-29,101
RASP_Prod_1,RASP,Zamora,19,2024-05-06,89
RASP_Prod_1,RASP,Zamora,20,2024-05-13,78
RASP_Prod_1,RASP,Zamora,21,2024-05-20,90
RASP_Prod_1,RASP,Zamora,22,2024-05-27,106
RASP_Prod_1,RASP,Zamora,23,2024-06-03,126
RASP_Prod_1,RASP,Zamora,24,2024-06-10,92
RASP_Prod_1,RASP,Zamora,25,2024-06-17,94
RASP_Prod_1,RASP,Zamora,26,2024-06-24,92
RASP_Prod_1,RASP,Zamora,27,2024-07-01,89
RASP_Prod_1,RASP,Zamora,28,2024-07-08,117
RASP_Prod_1,RASP,Zamora,29,2024-07-15,118
RASP_Prod_1,RASP,Zamora,30,2024-07-22,102
RASP_Prod_1,RASP,Zamora,31,2024-07-29,94
RASP_Prod_1,RASP,Zamora,32,2024-08-05,114
RASP_Prod_1,RASP,Zamora,33,2024-08-12,97
RASP_Prod_1,RASP,Zamora,34,2024-08-19,103
RASP_Prod_1,RASP,Zamora,35,2024-08-26,86
RASP_Prod_1,RASP,Zamora,36,2024-09-02,90
RASP_Prod_1,RASP,Zamora,37,2024-09-09,77
RASP_Prod_1,RASP,Zamora,38,2024-09-16,91
RASP_Prod_1,RASP,Zamora,39,2024-09-23,85
RASP_Prod_1,RASP,Zamora,40,2024-09-30,74
RASP_Prod_1,RASP,Zamora,41,2024-10-07,73
RASP_Prod_1,RASP,Zamora,42,2024-10-14,91
RASP_Prod_1,RASP,Zamora,43,2024-10-21,91
RASP_Prod_1,RASP,Zamora,44,2024-10-28,73
RASP_Prod_1,RASP,Zamora,45,2024-11-04,73
RASP_Prod_1,RASP,Zamora,46,2024-11-11,73
RASP_Prod_1,RASP,Zamora,47,2024-11-18,70
RASP_Prod_1,RASP,Zamora,48,2024-11-25,56
RASP_Prod_1,RASP,Zamora,49,2024-12-02,68
RASP_Prod_1,RASP,Zamora,50,2024-12-09,50
RASP_Prod_2,RASP,Tangancícuaro,1,2023-01-01,50
RASP_Prod_2,RASP,Tangancícuaro,2,2023-01-08,59
RASP_Prod_2,RASP,Tangancícuaro,3,2023-01-15,62
RASP_Prod_2,RASP,Tangancícuaro,4,2023-01-22,56
RASP_Prod_2,RASP,Tangancícuaro,5,2023-01-29,60
RASP_Prod_2,RASP,Tangancícuaro,6,2023-02-05,61
RASP_Prod_2,RASP,Tangancícuaro,7,2023-02-12,67
RASP_Prod_2,RASP,Tangancícuaro,8,2023-02-19,70
RASP_Prod_2,RASP,Tangancícuaro,9,2023-02-26,77
RASP_Prod_2,RASP,Tangancícuaro,10,2023-03-05,70
RASP_Prod_2,RASP,Tangancícuaro,11,2023-03-12,79
RASP_Prod_2,RASP,Tangancícuaro,12,2023-03-19,83
RASP_Prod_2,RASP,Tangancícuaro,13,2023-03-26,83
RASP_Prod_2,RASP,Tangancícuaro,14,2023-04-02,81
RASP_Prod_2,RASP,Tangancícuaro,15,2023-04-09,87
RASP_Prod_2,RASP,Tangancícuaro,16,2023-04-16,94
RASP_Prod_2,RASP,Tangancícuaro,17,2023-04-23,98
RASP_Prod_2,RASP,Tangancícuaro,18,2023-04-30,109
RASP_Prod_2,RASP,Tangancícuaro,19,2023-05-07,85
RASP_Prod_2,RASP,Tangancícuaro,20,2023-05-14,92
RASP_Prod_2,RASP,Tangancícuaro,21,2023-05-21,83
RASP_Prod_2,RASP,Tangancícuaro,22,2023-05-28,111
RASP_Prod_2,RASP,Tangancícuaro,23,2023-06-04,100
RASP_Prod_2,RASP,Tangancícuaro,24,2023-06-11,108
RASP_Prod_2,RASP,Tangancícuaro,25,2023-06-18,101
RASP_Prod_2,RASP,Tangancícuaro,26,2023-06-25,104
RASP_Prod_2,RASP,Tangancícuaro,27,2023-07-02,119
RASP_Prod_2,RASP,Tangancícuaro,28,2023-07-09,111
RASP_Prod_2,RASP,Tangancícuaro,29,2023-07-16,101
RASP_Prod_2,RASP,Tangancícuaro,30,2023-07-23,108
RASP_Prod_2,RASP,Tangancícuaro,31,2023-07-30,106
RASP_Prod_2,RASP,Tangancícuaro,32,2023-08-06,93
RASP_Prod_2,RASP,Tangancícuaro,33,2023-08-13,81
RASP_Prod_2,RASP,Tangancícuaro,34,2023-08-20,85
RASP_Prod_2,RASP,Tangancícuaro,35,2023-08-27,79
RASP_Prod_2,RASP,Tangancícuaro,36,2023-09-03,100
RASP_Prod_2,RASP,Tangancícuaro,37,2023-09-10,99
RASP_Prod_2,RASP,Tangancícuaro,38,2023-09-17,99
RASP_Prod_2,RASP,Tangancícuaro,39,2023-09-24,67
RASP_Prod_2,RASP,Tangancícuaro,40,2023-10-01,91
RASP_Prod_2,RASP,Tangancícuaro,41,2023-10-08,98
RASP_Prod_2,RASP,Tangancícuaro,42,2023-10-15,87
RASP_Prod_2,RASP,Tangancícuaro,43,2023-10-22,60
RASP_Prod_2,RASP,Tangancícuaro,44,2023-10-29,87
RASP_Prod_2,RASP,Tangancícuaro,45,2023-11-05,73
RASP_Prod_2,RASP,Tangancícuaro,46,2023-11-12,69
RASP_Prod_2,RASP,Tangancícuaro,47,2023-11-19,72
RASP_Prod_2,RASP,Tangancícuaro,48,2023-11-26,60
RASP_Prod_2,RASP,Tangancícuaro,49,2023-12-03,65
RASP_Prod_2,RASP,Tangancícuaro,50,2023-12-10,73
RASP_Prod_2,RASP,Tangancícuaro,1,2024-01-01,57
RASP_Prod_2,RASP,Tangancícuaro,2,2024-01-08,57
RASP_Prod_2,RASP,Tangancícuaro,3,2024-01-15,59
RASP_Prod_2,RASP,Tangancícuaro,4,2024-01-22,54
RASP_Prod_2,RASP,Tangancícuaro,5,2024-01-29,62
RASP_Prod_2,RASP,Tangancícuaro,6,2024-02-05,55
RASP_Prod_2,RASP,Tangancícuaro,7,2024-02-12,74
RASP_Prod_2,RASP,Tangancícuaro,8,2024-02-19,55
RASP_Prod_2,RASP,Tangancícuaro,9,2024-02-26,78
RASP_Prod_2,RASP,Tangancícuaro,10,2024-03-04,82
RASP_Prod_2,RASP,Tangancícuaro,11,2024-03-11,87
RASP_Prod_2,RASP,Tangancícuaro,12,2024-03-18,79
RASP_Prod_2,RASP,Tangancícuaro,13,2024-03-25,88
RASP_Prod_2,RASP,Tangancícuaro,14,2024-04-01,82
RASP_Prod_2,RASP,Tangancícuaro,15,2024-04-08,75
RASP_Prod_2,RASP,Tangancícuaro,16,2024-04-15,101
RASP_Prod_2,RASP,Tangancícuaro,17,2024-04-22,89
RASP_Prod_2,RASP,Tangancícuaro,18,2024-04-29,79
RASP_Prod_2,RASP,Tangancícuaro,19,2024-05-06,90
RASP_Prod_2,RASP,Tangancícuaro,20,2024-05-13,93
RASP_Prod_2,RASP,Tangancícuaro,21,2024-05-20,104
RASP_Prod_2,RASP,Tangancícuaro,22,2024-05-27,125
RASP_Prod_2,RASP,Tangancícuaro,23,2024-06-03,109
RASP_Prod_2,RASP,Tangancícuaro,24,2024-06-10,108
RASP_Prod_2,RASP,Tangancícuaro,25,2024-06-17,135
RASP_Prod_2,RASP,Tangancícuaro,26,2024-06-24,119
RASP_Prod_2,RASP,Tangancícuaro,27,2024-07-01,109
RASP_Prod_2,RASP,Tangancícuaro,28,2024-07-08,99
RASP_Prod_2,RASP,Tangancícuaro,29,2024-07-15,106
RASP_Prod_2,RASP,Tangancícuaro,30,2024-07-22,100
RASP_Prod_2,RASP,Tangancícuaro,31,2024-07-29,100
RASP_Prod_2,RASP,Tangancícuaro,32,2024-08-05,109
RASP_Prod_2,RASP,Tangancícuaro,33,2024-08-12,90
RASP_Prod_2,RASP,Tangancícuaro,34,2024-08-19,98
RASP_Prod_2,RASP,Tangancícuaro,35,2024-08-26,100
RASP_Prod_2,RASP,Tangancícuaro,36,2024-09-02,83
RASP_Prod_2,RASP,Tangancícuaro,37,2024-09-09,80
RASP_Prod_2,RASP,Tangancícuaro,38,2024-09-16,84
RASP_Prod_2,RASP,Tangancícuaro,39,2024-09-23,80
RASP_Prod_2,RASP,Tangancícuaro,40,2024-09-30,91
RASP_Prod_2,RASP,Tangancícuaro,41,2024-10-07,72
RASP_Prod_2,RASP,Tangancícuaro,42,2024-10-14,79
RASP_Prod_2,RASP,Tangancícuaro,43,2024-10-21,96
RASP_Prod_2,RASP,Tangancícuaro,44,2024-10-28,77
RASP_Prod_2,RASP,Tangancícuaro,45,2024-11-04,77
RASP_Prod_2,RASP,Tangancícuaro,46,2024-11-11,79
RASP_Prod_2,RASP,Tangancícuaro,47,2024-11-18,65
RASP_Prod_2,RASP,Tangancícuaro,48,2024-11-25,60
RASP_Prod_2,RASP,Tangancícuaro,49,2024-12-02,66
RASP_Prod_2,RASP,Tangancícuaro,50,2024-12-09,65
RASP_Prod_3,RASP,Tuxcueca,1,2023-01-01,58
RASP_Prod_3,RASP,Tuxcueca,2,2023-01-08,52
RASP_Prod_3,RASP,Tuxcueca,3,2023-01-15,63
RASP_Prod_3,RASP,Tuxcueca,4,2023-01-22,57
RASP_Prod_3,RASP,Tuxcueca,5,2023-01-29,74
RASP_Prod_3,RASP,Tuxcueca,6,2023-02-05,60
RASP_Prod_3,RASP,Tuxcueca,7,2023-02-12,69
RASP_Prod_3,RASP,Tuxcueca,8,2023-02-19,64
RASP_Prod_3,RASP,Tuxcueca,9,2023-02-26,88
RASP_Prod_3,RASP,Tuxcueca,10,2023-03-05,65
RASP_Prod_3,RASP,Tuxcueca,11,2023-03-12,81
RASP_Prod_3,RASP,Tuxcueca,12,2023-03-19,73
RASP_Prod_3,RASP,Tuxcueca,13,2023-03-26,78
RASP_Prod_3,RASP,Tuxcueca,14,2023-04-02,87
RASP_Prod_3,RASP,Tuxcueca,15,2023-04-09,96
RASP_Prod_3,RASP,Tuxcueca,16,2023-04-16,102
RASP_Prod_3,RASP,Tuxcueca,17,2023-04-23,76
RASP_Prod_3,RASP,Tuxcueca,18,2023-04-30,95
RASP_Prod_3,RASP,Tuxcueca,19,2023-05-07,108
RASP_Prod_3,RASP,Tuxcueca,20,2023-05-14,80
RASP_Prod_3,RASP,Tuxcueca,21,2023-05-21,102
RASP_Prod_3,RASP,Tuxcueca,22,2023-05-28,101
RASP_Prod_3,RASP,Tuxcueca,23,2023-06-04,108
RASP_Prod_3,RASP,Tuxcueca,24,2023-06-11,98
RASP_Prod_3,RASP,Tuxcueca,25,2023-06-18,92
RASP_Prod_3,RASP,Tuxcueca,26,2023-06-25,87
RASP_Prod_3,RASP,Tuxcueca,27,2023-07-02,116
RASP_Prod_3,RASP,Tuxcueca,28,2023-07-09,116
RASP_Prod_3,RASP,Tuxcueca,29,2023-07-16,105
RASP_Prod_3,RASP,Tuxcueca,30,2023-07-23,95
RASP_Prod_3,RASP,Tuxcueca,31,2023-07-30,83
RASP_Prod_3,RASP,Tuxcueca,32,2023-08-06,102
RASP_Prod_3,RASP,Tuxcueca,33,2023-08-13,84
RASP_Prod_3,RASP,Tuxcueca,34,2023-08-20,86
RASP_Prod_3,RASP,Tuxcueca,35,2023-08-27,86
RASP_Prod_3,RASP,Tuxcueca,36,2023-09-03,87
RASP_Prod_3,RASP,Tuxcueca,37,2023-09-10,81
RASP_Prod_3,RASP,Tuxcueca,38,2023-09-17,86
RASP_Prod_3,RASP,Tuxcueca,39,2023-09-24,78
RASP_Prod_3,RASP,Tuxcueca,40,2023-10-01,87
RASP_Prod_3,RASP,Tuxcueca,41,2023-10-08,88
RASP_Prod_3,RASP,Tuxcueca,42,2023-10-15,79
RASP_Prod_3,RASP,Tuxcueca,43,2023-10-22,80
RASP_Prod_3,RASP,Tuxcueca,44,2023-10-29,90
RASP_Prod_3,RASP,Tuxcueca,45,2023-11-05,64
RASP_Prod_3,RASP,Tuxcueca,46,2023-11-12,62
RASP_Prod_3,RASP,Tuxcueca,47,2023-11-19,73
RASP_Prod_3,RASP,Tuxcueca,48,2023-11-26,80
RASP_Prod_3,RASP,Tuxcueca,49,2023-12-03,63
RASP_Prod_3,RASP,Tuxcueca,50,2023-12-10,74
RASP_Prod_3,RASP,Tuxcueca,1,2024-01-01,55
RASP_Prod_3,RASP,Tuxcueca,2,2024-01-08,52
RASP_Prod_3,RASP,Tuxcueca,3,2024-01-15,53
RASP_Prod_3,RASP,Tuxcueca,4,2024-01-22,65
RASP_Prod_3,RASP,Tuxcueca,5,2024-01-29,57
RASP_Prod_3,RASP,Tuxcueca,6,2024-02-05,66
RASP_Prod_3,RASP,Tuxcueca,7,2024-02-12,78
RASP_Prod_3,RASP,Tuxcueca,8,2024-02-19,68
RASP_Prod_3,RASP,Tuxcueca,9,2024-02-26,81
RASP_Prod_3,RASP,Tuxcueca,10,2024-03-04,65
RASP_Prod_3,RASP,Tuxcueca,11,2024-03-11,72
RASP_Prod_3,RASP,Tuxcueca,12,2024-03-18,68
RASP_Prod_3,RASP,Tuxcueca,13,2024-03-25,82
RASP_Prod_3,RASP,Tuxcueca,14,2024-04-01,90
RASP_Prod_3,RASP,Tuxcueca,15,2024-04-08,86
RASP_Prod_3,RASP,Tuxcueca,16,2024-04-15,99
RASP_Prod_3,RASP,Tuxcueca,17,2024-04-22,83
RASP_Prod_3,RASP,Tuxcueca,18,2024-04-29,94
RASP_Prod_3,RASP,Tuxcueca,19,2024-05-06,90
RASP_Prod_3,RASP,Tuxcueca,20,2024-05-13,100
RASP_Prod_3,RASP,Tuxcueca,21,2024-05-20,104
RASP_Prod_3,RASP,Tuxcueca,22,2024-05-27,107
RASP_Prod_3,RASP,Tuxcueca,23,2024-06-03,92
RASP_Prod_3,RASP,Tuxcueca,24,2024-06-10,96
RASP_Prod_3,RASP,Tuxcueca,25,2024-06-17,100
RASP_Prod_3,RASP,Tuxcueca,26,2024-06-24,105
RASP_Prod_3,RASP,Tuxcueca,27,2024-07-01,107
RASP_Prod_3,RASP,Tuxcueca,28,2024-07-08,112
RASP_Prod_3,RASP,Tuxcueca,29,2024-07-15,94
RASP_Prod_3,RASP,Tuxcueca,30,2024-07-22,84
RASP_Prod_3,RASP,Tuxcueca,31,2024-07-29,120
RASP_Prod_3,RASP,Tuxcueca,32,2024-08-05,86
RASP_Prod_3,RASP,Tuxcueca,33,2024-08-12,103
RASP_Prod_3,RASP,Tuxcueca,34,2024-08-19,93
RASP_Prod_3,RASP,Tuxcueca,35,2024-08-26,93
RASP_Prod_3,RASP,Tuxcueca,36,2024-09-02,89
RASP_Prod_3,RASP,Tuxcueca,37,2024-09-09,84
RASP_Prod_3,RASP,Tuxcueca,38,2024-09-16,89
RASP_Prod_3,RASP,Tuxcueca,39,2024-09-23,80
RASP_Prod_3,RASP,Tuxcueca,40,2024-09-30,91
RASP_Prod_3,RASP,Tuxcueca,41,2024-10-07,84
RASP_Prod_3,RASP,Tuxcueca,42,2024-10-14,83
RASP_Prod_3,RASP,Tuxcueca,43,2024-10-21,72
RASP_Prod_3,RASP,Tuxcueca,44,2024-10-28,72
RASP_Prod_3,RASP,Tuxcueca,45,2024-11-04,64
RASP_Prod_3,RASP,Tuxcueca,46,2024-11-11,68
RASP_Prod_3,RASP,Tuxcueca,47,2024-11-18,62
RASP_Prod_3,RASP,Tuxcueca,48,2024-11-25,76
RASP_Prod_3,RASP,Tuxcueca,49,2024-12-02,65
RASP_Prod_3,RASP,Tuxcueca,50,2024-12-09,64
RASP_Prod_4,RASP,Tuxcueca,1,2023-01-01,50
RASP_Prod_4,RASP,Tuxcueca,2,2023-01-08,71
RASP_Prod_4,RASP,Tuxcueca,3,2023-01-15,64
RASP_Prod_4,RASP,Tuxcueca,4,2023-01-22,51
RASP_Prod_4,RASP,Tuxcueca,5,2023-01-29,60
RASP_Prod_4,RASP,Tuxcueca,6,2023-02-05,71
RASP_Prod_4,RASP,Tuxcueca,7,2023-02-12,62
RASP_Prod_4,RASP,Tuxcueca,8,2023-02-19,72
RASP_Prod_4,RASP,Tuxcueca,9,2023-02-26,79
RASP_Prod_4,RASP,Tuxcueca,10,2023-03-05,49
RASP_Prod_4,RASP,Tuxcueca,11,2023-03-12,76
RASP_Prod_4,RASP,Tuxcueca,12,2023-03-19,78
RASP_Prod_4,RASP,Tuxcueca,13,2023-03-26,78
RASP_Prod_4,RASP,Tuxcueca,14,2023-04-02,86
RASP_Prod_4,RASP,Tuxcueca,15,2023-04-09,91
RASP_Prod_4,RASP,Tuxcueca,16,2023-04-16,89
RASP_Prod_4,RASP,Tuxcueca,17,2023-04-23,87
RASP_Prod_4,RASP,Tuxcueca,18,2023-04-30,98
RASP_Prod_4,RASP,Tuxcueca,19,2023-05-07,95
RASP_Prod_4,RASP,Tuxcueca,20,2023-05-14,95
RASP_Prod_4,RASP,Tuxcueca,21,2023-05-21,86
RASP_Prod_4,RASP,Tuxcueca,22,2023-05-28,85
RASP_Prod_4,RASP,Tuxcueca,23,2023-06-04,90
RASP_Prod_4,RASP,Tuxcueca,24,2023-06-11,109
RASP_Prod_4,RASP,Tuxcueca,25,2023-06-18,107
RASP_Prod_4,RASP,Tuxcueca,26,2023-06-25,92
RASP_Prod_4,RASP,Tuxcueca,27,2023-07-02,113
RASP_Prod_4,RASP,Tuxcueca,28,2023-07-09,119
RASP_Prod_4,RASP,Tuxcueca,29,2023-07-16,96
RASP_Prod_4,RASP,Tuxcueca,30,2023-07-23,83
RASP_Prod_4,RASP,Tuxcueca,31,2023-07-30,92
RASP_Prod_4,RASP,Tuxcueca,32,2023-08-06,105
RASP_Prod_4,RASP,Tuxcueca,33,2023-08-13,100
RASP_Prod_4,RASP,Tuxcueca,34,2023-08-20,84
RASP_Prod_4,RASP,Tuxcueca,35,2023-08-27,105
RASP_Prod_4,RASP,Tuxcueca,36,2023-09-03,101
RASP_Prod_4,RASP,Tuxcueca,37,2023-09-10,81
RASP_Prod_4,RASP,Tuxcueca,38,2023-09-17,79
RASP_Prod_4,RASP,Tuxcueca,39,2023-09-24,79
RASP_Prod_4,RASP,Tuxcueca,40,2023-10-01,78
RASP_Prod_4,RASP,Tuxcueca,41,2023-10-08,87
RASP_Prod_4,RASP,Tuxcueca,42,2023-10-15,81
RASP_Prod_4,RASP,Tuxcueca,43,2023-10-22,83
RASP_Prod_4,RASP,Tuxcueca,44,2023-10-29,79
RASP_Prod_4,RASP,Tuxcueca,45,2023-11-05,85
RASP_Prod_4,RASP,Tuxcueca,46,2023-11-12,63
RASP_Prod_4,RASP,Tuxcueca,47,2023-11-19,71
RASP_Prod_4,RASP,Tuxcueca,48,2023-11-26,52
RASP_Prod_4,RASP,Tuxcueca,49,2023-12-03,56
RASP_Prod_4,RASP,Tuxcueca,50,2023-12-10,63
RASP_Prod_4,RASP,Tuxcueca,1,2024-01-01,56
RASP_Prod_4,RASP,Tuxcueca,2,2024-01-08,56
RASP_Prod_4,RASP,Tuxcueca,3,2024-01-15,55
RASP_Prod_4,RASP,Tuxcueca,4,2024-01-22,58
RASP_Prod_4,RASP,Tuxcueca,5,2024-01-29,72
RASP_Prod_4,RASP,Tuxcueca,6,2024-02-05,63
RASP_Prod_4,RASP,Tuxcueca,7,2024-02-12,79
RASP_Prod_4,RASP,Tuxcueca,8,2024-02-19,75
RASP_Prod_4,RASP,Tuxcueca,9,2024-02-26,75
RASP_Prod_4,RASP,Tuxcueca,10,2024-03-04,65
RASP_Prod_4,RASP,Tuxcueca,11,2024-03-11,84
RASP_Prod_4,RASP,Tuxcueca,12,2024-03-18,75
RASP_Prod_4,RASP,Tuxcueca,13,2024-03-25,71
RASP_Prod_4,RASP,Tuxcueca,14,2024-04-01,88
RASP_Prod_4,RASP,Tuxcueca,15,2024-04-08,74
RASP_Prod_4,RASP,Tuxcueca,16,2024-04-15,81
RASP_Prod_4,RASP,Tuxcueca,17,2024-04-22,90
RASP_Prod_4,RASP,Tuxcueca,18,2024-04-29,113
RASP_Prod_4,RASP,Tuxcueca,19,2024-05-06,88
RASP_Prod_4,RASP,Tuxcueca,20,2024-05-13,92
RASP_Prod_4,RASP,Tuxcueca,21,2024-05-20,106
RASP_Prod_4,RASP,Tuxcueca,22,2024-05-27,89
RASP_Prod_4,RASP,Tuxcueca,23,2024-06-03,108
RASP_Prod_4,RASP,Tuxcueca,24,2024-06-10,119
RASP_Prod_4,RASP,Tuxcueca,25,2024-06-17,105
RASP_Prod_4,RASP,Tuxcueca,26,2024-06-24,119
RASP_Prod_4,RASP,Tuxcueca,27,2024-07-01,109
RASP_Prod_4,RASP,Tuxcueca,28,2024-07-08,97
RASP_Prod_4,RASP,Tuxcueca,29,2024-07-15,100
RASP_Prod_4,RASP,Tuxcueca,30,2024-07-22,97
RASP_Prod_4,RASP,Tuxcueca,31,2024-07-29,98
RASP_Prod_4,RASP,Tuxcueca,32,2024-08-05,98
RASP_Prod_4,RASP,Tuxcueca,33,2024-08-12,100
RASP_Prod_4,RASP,Tuxcueca,34,2024-08-19,98
RASP_Prod_4,RASP,Tuxcueca,35,2024-08-26,69
RASP_Prod_4,RASP,Tuxcueca,36,2024-09-02,88
RASP_Prod_4,RASP,Tuxcueca,37,2024-09-09,74
RASP_Prod_4,RASP,Tuxcueca,38,2024-09-16,83
RASP_Prod_4,RASP,Tuxcueca,39,2024-09-23,83
RASP_Prod_4,RASP,Tuxcueca,40,2024-09-30,90
RASP_Prod_4,RASP,Tuxcueca,41,2024-10-07,80
RASP_Prod_4,RASP,Tuxcueca,42,2024-10-14,80
RASP_Prod_4,RASP,Tuxcueca,43,2024-10-21,82
RASP_Prod_4,RASP,Tuxcueca,44,2024-10-28,83
RASP_Prod_4,RASP,Tuxcueca,45,2024-11-04,71
RASP_Prod_4,RASP,Tuxcueca,46,2024-11-11,71
RASP_Prod_4,RASP,Tuxcueca,47,2024-11-18,69
RASP_Prod_4,RASP,Tuxcueca,48,2024-11-25,63
RASP_Prod_4,RASP,Tuxcueca,49,2024-12-02,60
RASP_Prod_4,RASP,Tuxcueca,50,2024-12-09,49
RASP_Prod_5,RASP,Jocotepec,1,2023-01-01,60
RASP_Prod_5,RASP,Jocotepec,2,2023-01-08,53
RASP_Prod_5,RASP,Jocotepec,3,2023-01-15,52
RASP_Prod_5,RASP,Jocotepec,4,2023-01-22,64
RASP_Prod_5,RASP,Jocotepec,5,2023-01-29,70
RASP_Prod_5,RASP,Jocotepec,6,2023-02-05,70
RASP_Prod_5,RASP,Jocotepec,7,2023-02-12,74
RASP_Prod_5,RASP,Jocotepec,8,2023-02-19,64
RASP_Prod_5,RASP,Jocotepec,9,2023-02-26,62
RASP_Prod_5,RASP,Jocotepec,10,2023-03-05,85
RASP_Prod_5,RASP,Jocotepec,11,2023-03-12,74
RASP_Prod_5,RASP,Jocotepec,12,2023-03-19,77
RASP_Prod_5,RASP,Jocotepec,13,2023-03-26,92
RASP_Prod_5,RASP,Jocotepec,14,2023-04-02,88
RASP_Prod_5,RASP,Jocotepec,15,2023-04-09,89
RASP_Prod_5,RASP,Jocotepec,16,2023-04-16,107
RASP_Prod_5,RASP,Jocotepec,17,2023-04-23,84
RASP_Prod_5,RASP,Jocotepec,18,2023-04-30,101
RASP_Prod_5,RASP,Jocotepec,19,2023-05-07,95
RASP_Prod_5,RASP,Jocotepec,20,2023-05-14,99
RASP_Prod_5,RASP,Jocotepec,21,2023-05-21,114
RASP_Prod_5,RASP,Jocotepec,22,2023-05-28,106
RASP_Prod_5,RASP,Jocotepec,23,2023-06-04,109
RASP_Prod_5,RASP,Jocotepec,24,2023-06-11,117
RASP_Prod_5,RASP,Jocotepec,25,2023-06-18,104
RASP_Prod_5,RASP,Jocotepec,26,2023-06-25,99
RASP_Prod_5,RASP,Jocotepec,27,2023-07-02,95
RASP_Prod_5,RASP,Jocotepec,28,2023-07-09,84
RASP_Prod_5,RASP,Jocotepec,29,2023-07-16,123
RASP_Prod_5,RASP,Jocotepec,30,2023-07-23,89
RASP_Prod_5,RASP,Jocotepec,31,2023-07-30,96
RASP_Prod_5,RASP,Jocotepec,32,2023-08-06,94
RASP_Prod_5,RASP,Jocotepec,33,2023-08-13,98
RASP_Prod_5,RASP,Jocotepec,34,2023-08-20,101
RASP_Prod_5,RASP,Jocotepec,35,2023-08-27,99
RASP_Prod_5,RASP,Jocotepec,36,2023-09-03,84
RASP_Prod_5,RASP,Jocotepec,37,2023-09-10,86
RASP_Prod_5,RASP,Jocotepec,38,2023-09-17,88
RASP_Prod_5,RASP,Jocotepec,39,2023-09-24,82
RASP_Prod_5,RASP,Jocotepec,40,2023-10-01,95
RASP_Prod_5,RASP,Jocotepec,41,2023-10-08,84
RASP_Prod_5,RASP,Jocotepec,42,2023-10-15,84
RASP_Prod_5,RASP,Jocotepec,43,2023-10-22,81
RASP_Prod_5,RASP,Jocotepec,44,2023-10-29,83
RASP_Prod_5,RASP,Jocotepec,45,2023-11-05,74
RASP_Prod_5,RASP,Jocotepec,46,2023-11-12,61
RASP_Prod_5,RASP,Jocotepec,47,2023-11-19,71
RASP_Prod_5,RASP,Jocotepec,48,2023-11-26,62
RASP_Prod_5,RASP,Jocotepec,49,2023-12-03,61
RASP_Prod_5,RASP,Jocotepec,50,2023-12-10,67
RASP_Prod_5,RASP,Jocotepec,1,2024-01-01,61
RASP_Prod_5,RASP,Jocotepec,2,2024-01-08,56
RASP_Prod_5,RASP,Jocotepec,3,2024-01-15,60
RASP_Prod_5,RASP,Jocotepec,4,2024-01-22,71
RASP_Prod_5,RASP,Jocotepec,5,2024-01-29,65
RASP_Prod_5,RASP,Jocotepec,6,2024-02-05,82
RASP_Prod_5,RASP,Jocotepec,7,2024-02-12,71
RASP_Prod_5,RASP,Jocotepec,8,2024-02-19,57
RASP_Prod_5,RASP,Jocotepec,9,2024-02-26,77
RASP_Prod_5,RASP,Jocotepec,10,2024-03-04,77
RASP_Prod_5,RASP,Jocotepec,11,2024-03-11,86
RASP_Prod_5,RASP,Jocotepec,12,2024-03-18,84
RASP_Prod_5,RASP,Jocotepec,13,2024-03-25,80
RASP_Prod_5,RASP,Jocotepec,14,2024-04-01,73
RASP_Prod_5,RASP,Jocotepec,15,2024-04-08,84
RASP_Prod_5,RASP,Jocotepec,16,2024-04-15,80
RASP_Prod_5,RASP,Jocotepec,17,2024-04-22,85
RASP_Prod_5,RASP,Jocotepec,18,2024-04-29,98
RASP_Prod_5,RASP,Jocotepec,19,2024-05-06,110
RASP_Prod_5,RASP,Jocotepec,20,2024-05-13,101
RASP_Prod_5,RASP,Jocotepec,21,2024-05-20,87
RASP_Prod_5,RASP,Jocotepec,22,2024-05-27,106
RASP_Prod_5,RASP,Jocotepec,23,2024-06-03,116
RASP_Prod_5,RASP,Jocotepec,24,2024-06-10,99
RASP_Prod_5,RASP,Jocotepec,25,2024-06-17,107
RASP_Prod_5,RASP,Jocotepec,26,2024-06-24,108
RASP_Prod_5,RASP,Jocotepec,27,2024-07-01,98
RASP_Prod_5,RASP,Jocotepec,28,2024-07-08,111
RASP_Prod_5,RASP,Jocotepec,29,2024-07-15,101
RASP_Prod_5,RASP,Jocotepec,30,2024-07-22,105
RASP_Prod_5,RASP,Jocotepec,31,2024-07-29,90
RASP_Prod_5,RASP,Jocotepec,32,2024-08-05,93
RASP_Prod_5,RASP,Jocotepec,33,2024-08-12,102
RASP_Prod_5,RASP,Jocotepec,34,2024-08-19,90
RASP_Prod_5,RASP,Jocotepec,35,2024-08-26,107
RASP_Prod_5,RASP,Jocotepec,36,2024-09-02,86
RASP_Prod_5,RASP,Jocotepec,37,2024-09-09,89
RASP_Prod_5,RASP,Jocotepec,38,2024-09-16,93
RASP_Prod_5,RASP,Jocotepec,39,2024-09-23,72
RASP_Prod_5,RASP,Jocotepec,40,2024-09-30,67
RASP_Prod_5,RASP,Jocotepec,41,2024-10-07,68
RASP_Prod_5,RASP,Jocotepec,42,2024-10-14,88
RASP_Prod_5,RASP,Jocotepec,43,2024-10-21,72
RASP_Prod_5,RASP,Jocotepec,44,2024-10-28,93
RASP_Prod_5,RASP,Jocotepec,45,2024-11-04,68
RASP_Prod_5,RASP,Jocotepec,46,2024-11-11,72
RASP_Prod_5,RASP,Jocotepec,47,2024-11-18,79
RASP_Prod_5,RASP,Jocotepec,48,2024-11-25,80
RASP_Prod_5,RASP,Jocotepec,49,2024-12-02,78
RASP_Prod_5,RASP,Jocotepec,50,2024-12-09,71
STRAW_Prod_1,STRAW,Guzmán,1,2023-01-01,49
STRAW_Prod_1,STRAW,Guzmán,2,2023-01-08,51
STRAW_Prod_1,STRAW,Guzmán,3,2023-01-15,41
STRAW_Prod_1,STRAW,Guzmán,4,2023-01-22,49
STRAW_Prod_1,STRAW,Guzmán,5,2023-01-29,54
STRAW_Prod_1,STRAW,Guzmán,6,2023-02-05,55
STRAW_Prod_1,STRAW,Guzmán,7,2023-02-12,53
STRAW_Prod_1,STRAW,Guzmán,8,2023-02-19,61
STRAW_Prod_1,STRAW,Guzmán,9,2023-02-26,51
STRAW_Prod_1,STRAW,Guzmán,10,2023-03-05,56
STRAW_Prod_1,STRAW,Guzmán,11,2023-03-12,54
STRAW_Prod_1,STRAW,Guzmán,12,2023-03-19,66
STRAW_Prod_1,STRAW,Guzmán,13,2023-03-26,59
STRAW_Prod_1,STRAW,Guzmán,14,2023-04-02,64
STRAW_Prod_1,STRAW,Guzmán,15,2023-04-09,71
STRAW_Prod_1,STRAW,Guzmán,16,2023-04-16,73
STRAW_Prod_1,STRAW,Guzmán,17,2023-04-23,64
STRAW_Prod_1,STRAW,Guzmán,18,2023-04-30,79
STRAW_Prod_1,STRAW,Guzmán,19,2023-05-07,77
STRAW_Prod_1,STRAW,Guzmán,20,2023-05-14,67
STRAW_Prod_1,STRAW,Guzmán,21,2023-05-21,67
STRAW_Prod_1,STRAW,Guzmán,22,2023-05-28,79
STRAW_Prod_1,STRAW,Guzmán,23,2023-06-04,87
STRAW_Prod_1,STRAW,Guzmán,24,2023-06-11,89
STRAW_Prod_1,STRAW,Guzmán,25,2023-06-18,87
STRAW_Prod_1,STRAW,Guzmán,26,2023-06-25,84
STRAW_Prod_1,STRAW,Guzmán,27,2023-07-02,87
STRAW_Prod_1,STRAW,Guzmán,28,2023-07-09,74
STRAW_Prod_1,STRAW,Guzmán,29,2023-07-16,93
STRAW_Prod_1,STRAW,Guzmán,30,2023-07-23,91
STRAW_Prod_1,STRAW,Guzmán,31,2023-07-30,80
STRAW_Prod_1,STRAW,Guzmán,32,2023-08-06,77
STRAW_Prod_1,STRAW,Guzmán,33,2023-08-13,71
STRAW_Prod_1,STRAW,Guzmán,34,2023-08-20,76
STRAW_Prod_1,STRAW,Guzmán,35,2023-08-27,66
STRAW_Prod_1,STRAW,Guzmán,36,2023-09-03,54
STRAW_Prod_1,STRAW,Guzmán,37,2023-09-10,50
STRAW_Prod_1,STRAW,Guzmán,38,2023-09-17,61
STRAW_Prod_1,STRAW,Guzmán,39,2023-09-24,66
STRAW_Prod_1,STRAW,Guzmán,40,2023-10-01,66
STRAW_Prod_1,STRAW,Guzmán,41,2023-10-08,59
STRAW_Prod_1,STRAW,Guzmán,42,2023-10-15,62
STRAW_Prod_1,STRAW,Guzmán,43,2023-10-22,58
STRAW_Prod_1,STRAW,Guzmán,44,2023-10-29,52
STRAW_Prod_1,STRAW,Guzmán,45,2023-11-05,56
STRAW_Prod_1,STRAW,Guzmán,46,2023-11-12,59
STRAW_Prod_1,STRAW,Guzmán,47,2023-11-19,48
STRAW_Prod_1,STRAW,Guzmán,48,2023-11-26,47
STRAW_Prod_1,STRAW,Guzmán,49,2023-12-03,45
STRAW_Prod_1,STRAW,Guzmán,50,2023-12-10,40
STRAW_Prod_1,STRAW,Guzmán,1,2024-01-01,40
STRAW_Prod_1,STRAW,Guzmán,2,2024-01-08,47
STRAW_Prod_1,STRAW,Guzmán,3,2024-01-15,46
STRAW_Prod_1,STRAW,Guzmán,4,2024-01-22,46
STRAW_Prod_1,STRAW,Guzmán,5,2024-01-29,50
STRAW_Prod_1,STRAW,Guzmán,6,2024-02-05,48
STRAW_Prod_1,STRAW,Guzmán,7,2024-02-12,42
STRAW_Prod_1,STRAW,Guzmán,8,2024-02-19,59
STRAW_Prod_1,STRAW,Guzmán,9,2024-02-26,62
STRAW_Prod_1,STRAW,Guzmán,10,2024-03-04,54
STRAW_Prod_1,STRAW,Guzmán,11,2024-03-11,59
STRAW_Prod_1,STRAW,Guzmán,12,2024-03-18,60
STRAW_Prod_1,STRAW,Guzmán,13,2024-03-25,65
STRAW_Prod_1,STRAW,Guzmán,14,2024-04-01,76
STRAW_Prod_1,STRAW,Guzmán,15,2024-04-08,74
STRAW_Prod_1,STRAW,Guzmán,16,2024-04-15,66
STRAW_Prod_1,STRAW,Guzmán,17,2024-04-22,74
STRAW_Prod_1,STRAW,Guzmán,18,2024-04-29,81
STRAW_Prod_1,STRAW,Guzmán,19,2024-05-06,77
STRAW_Prod_1,STRAW,Guzmán,20,2024-05-13,75
STRAW_Prod_1,STRAW,Guzmán,21,2024-05-20,80
STRAW_Prod_1,STRAW,Guzmán,22,2024-05-27,73
STRAW_Prod_1,STRAW,Guzmán,23,2024-06-03,76
STRAW_Prod_1,STRAW,Guzmán,24,2024-06-10,73
STRAW_Prod_1,STRAW,Guzmán,25,2024-06-17,87
STRAW_Prod_1,STRAW,Guzmán,26,2024-06-24,83
STRAW_Prod_1,STRAW,Guzmán,27,2024-07-01,76
STRAW_Prod_1,STRAW,Guzmán,28,2024-07-08,80
STRAW_Prod_1,STRAW,Guzmán,29,2024-07-15,83
STRAW_Prod_1,STRAW,Guzmán,30,2024-07-22,93
STRAW_Prod_1,STRAW,Guzmán,31,2024-07-29,84
STRAW_Prod_1,STRAW,Guzmán,32,2024-08-05,58
STRAW_Prod_1,STRAW,Guzmán,33,2024-08-12,76
STRAW_Prod_1,STRAW,Guzmán,34,2024-08-19,83
STRAW_Prod_1,STRAW,Guzmán,35,2024-08-26,61
STRAW_Prod_1,STRAW,Guzmán,36,2024-09-02,73
STRAW_Prod_1,STRAW,Guzmán,37,2024-09-09,66
STRAW_Prod_1,STRAW,Guzmán,38,2024-09-16,74
STRAW_Prod_1,STRAW,Guzmán,39,2024-09-23,68
STRAW_Prod_1,STRAW,Guzmán,40,2024-09-30,58
STRAW_Prod_1,STRAW,Guzmán,41,2024-10-07,61
STRAW_Prod_1,STRAW,Guzmán,42,2024-10-14,60
STRAW_Prod_1,STRAW,Guzmán,43,2024-10-21,58
STRAW_Prod_1,STRAW,Guzmán,44,2024-10-28,64
STRAW_Prod_1,STRAW,Guzmán,45,2024-11-04,52
STRAW_Prod_1,STRAW,Guzmán,46,2024-11-11,60
STRAW_Prod_1,STRAW,Guzmán,47,2024-11-18,52
STRAW_Prod_1,STRAW,Guzmán,48,2024-11-25,53
STRAW_Prod_1,STRAW,Guzmán,49,2024-12-02,51
STRAW_Prod_1,STRAW,Guzmán,50,2024-12-09,49
STRAW_Prod_2,STRAW,Zamora,1,2023-01-01,39
STRAW_Prod_2,STRAW,Zamora,2,2023-01-08,46
STRAW_Prod_2,STRAW,Zamora,3,2023-01-15,42
STRAW_Prod_2,STRAW,Zamora,4,2023-01-22,45
STRAW_Prod_2,STRAW,Zamora,5,2023-01-29,55
STRAW_Prod_2,STRAW,Zamora,6,2023-02-05,47
STRAW_Prod_2,STRAW,Zamora,7,2023-02-12,45
STRAW_Prod_2,STRAW,Zamora,8,2023-02-19,55
STRAW_Prod_2,STRAW,Zamora,9,2023-02-26,54
STRAW_Prod_2,STRAW,Zamora,10,2023-03-05,61
STRAW_Prod_2,STRAW,Zamora,11,2023-03-12,61
STRAW_Prod_2,STRAW,Zamora,12,2023-03-19,61
STRAW_Prod_2,STRAW,Zamora,13,2023-03-26,63
STRAW_Prod_2,STRAW,Zamora,14,2023-04-02,60
STRAW_Prod_2,STRAW,Zamora,15,2023-04-09,67
STRAW_Prod_2,STRAW,Zamora,16,2023-04-16,74
STRAW_Prod_2,STRAW,Zamora,17,2023-04-23,63
STRAW_Prod_2,STRAW,Zamora,18,2023-04-30,72
STRAW_Prod_2,STRAW,Zamora,19,2023-05-07,81
STRAW_Prod_2,STRAW,Zamora,20,2023-05-14,79
STRAW_Prod_2,STRAW,Zamora,21,2023-05-21,87
STRAW_Prod_2,STRAW,Zamora,22,2023-05-28,74
STRAW_Prod_2,STRAW,Zamora,23,2023-06-04,66
STRAW_Prod_2,STRAW,Zamora,24,2023-06-11,84
STRAW_Prod_2,STRAW,Zamora,25,2023-06-18,87
STRAW_Prod_2,STRAW,Zamora,26,2023-06-25,95
STRAW_Prod_2,STRAW,Zamora,27,2023-07-02,92
STRAW_Prod_2,STRAW,Zamora,28,2023-07-09,85
STRAW_Prod_2,STRAW,Zamora,29,2023-07-16,86
STRAW_Prod_2,STRAW,Zamora,30,2023-07-23,77
STRAW_Prod_2,STRAW,Zamora,31,2023-07-30,67
STRAW_Prod_2,STRAW,Zamora,32,2023-08-06,76
STRAW_Prod_2,STRAW,Zamora,33,2023-08-13,81
STRAW_Prod_2,STRAW,Zamora,34,2023-08-20,77
STRAW_Prod_2,STRAW,Zamora,35,2023-08-27,77
STRAW_Prod_2,STRAW,Zamora,36,2023-09-03,66
STRAW_Prod_2,STRAW,Zamora,37,2023-09-10,66
STRAW_Prod_2,STRAW,Zamora,38,2023-09-17,70
STRAW_Prod_2,STRAW,Zamora,39,2023-09-24,61
STRAW_Prod_2,STRAW,Zamora,40,2023-10-01,60
STRAW_Prod_2,STRAW,Zamora,41,2023-10-08,64
STRAW_Prod_2,STRAW,Zamora,42,2023-10-15,65
STRAW_Prod_2,STRAW,Zamora,43,2023-10-22,58
STRAW_Prod_2,STRAW,Zamora,44,2023-10-29,51
STRAW_Prod_2,STRAW,Zamora,45,2023-11-05,52
STRAW_Prod_2,STRAW,Zamora,46,2023-11-12,56
STRAW_Prod_2,STRAW,Zamora,47,2023-11-19,54
STRAW_Prod_2,STRAW,Zamora,48,2023-11-26,53
STRAW_Prod_2,STRAW,Zamora,49,2023-12-03,53
STRAW_Prod_2,STRAW,Zamora,50,2023-12-10,49
STRAW_Prod_2,STRAW,Zamora,1,2024-01-01,43
STRAW_Prod_2,STRAW,Zamora,2,2024-01-08,44
STRAW_Prod_2,STRAW,Zamora,3,2024-01-15,51
STRAW_Prod_2,STRAW,Zamora,4,2024-01-22,54
STRAW_Prod_2,STRAW,Zamora,5,2024-01-29,43
STRAW_Prod_2,STRAW,Zamora,6,2024-02-05,49
STRAW_Prod_2,STRAW,Zamora,7,2024-02-12,53
STRAW_Prod_2,STRAW,Zamora,8,2024-02-19,53
STRAW_Prod_2,STRAW,Zamora,9,2024-02-26,66
STRAW_Prod_2,STRAW,Zamora,10,2024-03-04,59
STRAW_Prod_2,STRAW,Zamora,11,2024-03-11,55
STRAW_Prod_2,STRAW,Zamora,12,2024-03-18,65
STRAW_Prod_2,STRAW,Zamora,13,2024-03-25,65
STRAW_Prod_2,STRAW,Zamora,14,2024-04-01,67
STRAW_Prod_2,STRAW,Zamora,15,2024-04-08,79
STRAW_Prod_2,STRAW,Zamora,16,2024-04-15,71
STRAW_Prod_2,STRAW,Zamora,17,2024-04-22,68
STRAW_Prod_2,STRAW,Zamora,18,2024-04-29,58
STRAW_Prod_2,STRAW,Zamora,19,2024-05-06,72
STRAW_Prod_2,STRAW,Zamora,20,2024-05-13,85
STRAW_Prod_2,STRAW,Zamora,21,2024-05-20,76
STRAW_Prod_2,STRAW,Zamora,22,2024-05-27,61
STRAW_Prod_2,STRAW,Zamora,23,2024-06-03,76
STRAW_Prod_2,STRAW,Zamora,24,2024-06-10,90
STRAW_Prod_2,STRAW,Zamora,25,2024-06-17,89
STRAW_Prod_2,STRAW,Zamora,26,2024-06-24,77
STRAW_Prod_2,STRAW,Zamora,27,2024-07-01,78
STRAW_Prod_2,STRAW,Zamora,28,2024-07-08,78
STRAW_Prod_2,STRAW,Zamora,29,2024-07-15,74
STRAW_Prod_2,STRAW,Zamora,30,2024-07-22,62
STRAW_Prod_2,STRAW,Zamora,31,2024-07-29,83
STRAW_Prod_2,STRAW,Zamora,32,2024-08-05,85
STRAW_Prod_2,STRAW,Zamora,33,2024-08-12,63
STRAW_Prod_2,STRAW,Zamora,34,2024-08-19,81
STRAW_Prod_2,STRAW,Zamora,35,2024-08-26,70
STRAW_Prod_2,STRAW,Zamora,36,2024-09-02,78
STRAW_Prod_2,STRAW,Zamora,37,2024-09-09,68
STRAW_Prod_2,STRAW,Zamora,38,2024-09-16,67
STRAW_Prod_2,STRAW,Zamora,39,2024-09-23,67
STRAW_Prod_2,STRAW,Zamora,40,2024-09-30,59
STRAW_Prod_2,STRAW,Zamora,41,2024-10-07,70
STRAW_Prod_2,STRAW,Zamora,42,2024-10-14,54
STRAW_Prod_2,STRAW,Zamora,43,2024-10-21,57
STRAW_Prod_2,STRAW,Zamora,44,2024-10-28,61
STRAW_Prod_2,STRAW,Zamora,45,2024-11-04,53
STRAW_Prod_2,STRAW,Zamora,46,2024-11-11,59
STRAW_Prod_2,STRAW,Zamora,47,2024-11-18,61
STRAW_Prod_2,STRAW,Zamora,48,2024-11-25,57
STRAW_Prod_2,STRAW,Zamora,49,2024-12-02,41
STRAW_Prod_2,STRAW,Zamora,50,2024-12-09,50
STRAW_Prod_3,STRAW,Tangancícuaro,1,2023-01-01,44
STRAW_Prod_3,STRAW,Tangancícuaro,2,2023-01-08,45
STRAW_Prod_3,STRAW,Tangancícuaro,3,2023-01-15,47
STRAW_Prod_3,STRAW,Tangancícuaro,4,2023-01-22,50
STRAW_Prod_3,STRAW,Tangancícuaro,5,2023-01-29,52
STRAW_Prod_3,STRAW,Tangancícuaro,6,2023-02-05,56
STRAW_Prod_3,STRAW,Tangancícuaro,7,2023-02-12,55
STRAW_Prod_3,STRAW,Tangancícuaro,8,2023-02-19,53
STRAW_Prod_3,STRAW,Tangancícuaro,9,2023-02-26,60
STRAW_Prod_3,STRAW,Tangancícuaro,10,2023-03-05,69
STRAW_Prod_3,STRAW,Tangancícuaro,11,2023-03-12,59
STRAW_Prod_3,STRAW,Tangancícuaro,12,2023-03-19,55
STRAW_Prod_3,STRAW,Tangancícuaro,13,2023-03-26,70
STRAW_Prod_3,STRAW,Tangancícuaro,14,2023-04-02,64
STRAW_Prod_3,STRAW,Tangancícuaro,15,2023-04-09,52
STRAW_Prod_3,STRAW,Tangancícuaro,16,2023-04-16,74
STRAW_Prod_3,STRAW,Tangancícuaro,17,2023-04-23,66
STRAW_Prod_3,STRAW,Tangancícuaro,18,2023-04-30,71
STRAW_Prod_3,STRAW,Tangancícuaro,19,2023-05-07,76
STRAW_Prod_3,STRAW,Tangancícuaro,20,2023-05-14,77
STRAW_Prod_3,STRAW,Tangancícuaro,21,2023-05-21,82
STRAW_Prod_3,STRAW,Tangancícuaro,22,2023-05-28,75
STRAW_Prod_3,STRAW,Tangancícuaro,23,2023-06-04,85
STRAW_Prod_3,STRAW,Tangancícuaro,24,2023-06-11,80
STRAW_Prod_3,STRAW,Tangancícuaro,25,2023-06-18,90
STRAW_Prod_3,STRAW,Tangancícuaro,26,2023-06-25,89
STRAW_Prod_3,STRAW,Tangancícuaro,27,2023-07-02,75
STRAW_Prod_3,STRAW,Tangancícuaro,28,2023-07-09,90
STRAW_Prod_3,STRAW,Tangancícuaro,29,2023-07-16,75
STRAW_Prod_3,STRAW,Tangancícuaro,30,2023-07-23,84
STRAW_Prod_3,STRAW,Tangancícuaro,31,2023-07-30,80
STRAW_Prod_3,STRAW,Tangancícuaro,32,2023-08-06,89
STRAW_Prod_3,STRAW,Tangancícuaro,33,2023-08-13,72
STRAW_Prod_3,STRAW,Tangancícuaro,34,2023-08-20,70
STRAW_Prod_3,STRAW,Tangancícuaro,35,2023-08-27,71
STRAW_Prod_3,STRAW,Tangancícuaro,36,2023-09-03,67
STRAW_Prod_3,STRAW,Tangancícuaro,37,2023-09-10,73
STRAW_Prod_3,STRAW,Tangancícuaro,38,2023-09-17,56
STRAW_Prod_3,STRAW,Tangancícuaro,39,2023-09-24,58
STRAW_Prod_3,STRAW,Tangancícuaro,40,2023-10-01,57
STRAW_Prod_3,STRAW,Tangancícuaro,41,2023-10-08,68
STRAW_Prod_3,STRAW,Tangancícuaro,42,2023-10-15,71
STRAW_Prod_3,STRAW,Tangancícuaro,43,2023-10-22,59
STRAW_Prod_3,STRAW,Tangancícuaro,44,2023-10-29,57
STRAW_Prod_3,STRAW,Tangancícuaro,45,2023-11-05,57
STRAW_Prod_3,STRAW,Tangancícuaro,46,2023-11-12,61
STRAW_Prod_3,STRAW,Tangancícuaro,47,2023-11-19,48
STRAW_Prod_3,STRAW,Tangancícuaro,48,2023-11-26,53
STRAW_Prod_3,STRAW,Tangancícuaro,49,2023-12-03,55
STRAW_Prod_3,STRAW,Tangancícuaro,50,2023-12-10,51
STRAW_Prod_3,STRAW,Tangancícuaro,1,2024-01-01,43
STRAW_Prod_3,STRAW,Tangancícuaro,2,2024-01-08,48
STRAW_Prod_3,STRAW,Tangancícuaro,3,2024-01-15,33
STRAW_Prod_3,STRAW,Tangancícuaro,4,2024-01-22,50
STRAW_Prod_3,STRAW,Tangancícuaro,5,2024-01-29,46
STRAW_Prod_3,STRAW,Tangancícuaro,6,2024-02-05,41
STRAW_Prod_3,STRAW,Tangancícuaro,7,2024-02-12,55
STRAW_Prod_3,STRAW,Tangancícuaro,8,2024-02-19,62
STRAW_Prod_3,STRAW,Tangancícuaro,9,2024-02-26,55
STRAW_Prod_3,STRAW,Tangancícuaro,10,2024-03-04,63
STRAW_Prod_3,STRAW,Tangancícuaro,11,2024-03-11,69
STRAW_Prod_3,STRAW,Tangancícuaro,12,2024-03-18,69
STRAW_Prod_3,STRAW,Tangancícuaro,13,2024-03-25,73
STRAW_Prod_3,STRAW,Tangancícuaro,14,2024-04-01,70
STRAW_Prod_3,STRAW,Tangancícuaro,15,2024-04-08,67
STRAW_Prod_3,STRAW,Tangancícuaro,16,2024-04-15,57
STRAW_Prod_3,STRAW,Tangancícuaro,17,2024-04-22,68
STRAW_Prod_3,STRAW,Tangancícuaro,18,2024-04-29,66
STRAW_Prod_3,STRAW,Tangancícuaro,19,2024-05-06,89
STRAW_Prod_3,STRAW,Tangancícuaro,20,2024-05-13,74
STRAW_Prod_3,STRAW,Tangancícuaro,21,2024-05-20,78
STRAW_Prod_3,STRAW,Tangancícuaro,22,2024-05-27,83
STRAW_Prod_3,STRAW,Tangancícuaro,23,2024-06-03,81
STRAW_Prod_3,STRAW,Tangancícuaro,24,2024-06-10,96
STRAW_Prod_3,STRAW,Tangancícuaro,25,2024-06-17,79
STRAW_Prod_3,STRAW,Tangancícuaro,26,2024-06-24,86
STRAW_Prod_3,STRAW,Tangancícuaro,27,2024-07-01,76
STRAW_Prod_3,STRAW,Tangancícuaro,28,2024-07-08,70
STRAW_Prod_3,STRAW,Tangancícuaro,29,2024-07-15,75
STRAW_Prod_3,STRAW,Tangancícuaro,30,2024-07-22,78
STRAW_Prod_3,STRAW,Tangancícuaro,31,2024-07-29,73
STRAW_Prod_3,STRAW,Tangancícuaro,32,2024-08-05,70
STRAW_Prod_3,STRAW,Tangancícuaro,33,2024-08-12,63
STRAW_Prod_3,STRAW,Tangancícuaro,34,2024-08-19,72
STRAW_Prod_3,STRAW,Tangancícuaro,35,2024-08-26,60
STRAW_Prod_3,STRAW,Tangancícuaro,36,2024-09-02,75
STRAW_Prod_3,STRAW,Tangancícuaro,37,2024-09-09,69
STRAW_Prod_3,STRAW,Tangancícuaro,38,2024-09-16,57
STRAW_Prod_3,STRAW,Tangancícuaro,39,2024-09-23,63
STRAW_Prod_3,STRAW,Tangancícuaro,40,2024-09-30,59
STRAW_Prod_3,STRAW,Tangancícuaro,41,2024-10-07,64
STRAW_Prod_3,STRAW,Tangancícuaro,42,2024-10-14,69
STRAW_Prod_3,STRAW,Tangancícuaro,43,2024-10-21,48
STRAW_Prod_3,STRAW,Tangancícuaro,44,2024-10-28,58
STRAW_Prod_3,STRAW,Tangancícuaro,45,2024-11-04,55
STRAW_Prod_3,STRAW,Tangancícuaro,46,2024-11-11,59
STRAW_Prod_3,STRAW,Tangancícuaro,47,2024-11-18,55
STRAW_Prod_3,STRAW,Tangancícuaro,48,2024-11-25,48
STRAW_Prod_3,STRAW,Tangancícuaro,49,2024-12-02,49
STRAW_Prod_3,STRAW,Tangancícuaro,50,2024-12-09,45
STRAW_Prod_4,STRAW,Tuxcueca,1,2023-01-01,42
STRAW_Prod_4,STRAW,Tuxcueca,2,2023-01-08,41
STRAW_Prod_4,STRAW,Tuxcueca,3,2023-01-15,52
STRAW_Prod_4,STRAW,Tuxcueca,4,2023-01-22,44
STRAW_Prod_4,STRAW,Tuxcueca,5,2023-01-29,51
STRAW_Prod_4,STRAW,Tuxcueca,6,2023-02-05,55
STRAW_Prod_4,STRAW,Tuxcueca,7,2023-02-12,57
STRAW_Prod_4,STRAW,Tuxcueca,8,2023-02-19,48
STRAW_Prod_4,STRAW,Tuxcueca,9,2023-02-26,62
STRAW_Prod_4,STRAW,Tuxcueca,10,2023-03-05,52
STRAW_Prod_4,STRAW,Tuxcueca,11,2023-03-12,64
STRAW_Prod_4,STRAW,Tuxcueca,12,2023-03-19,65
STRAW_Prod_4,STRAW,Tuxcueca,13,2023-03-26,68
STRAW_Prod_4,STRAW,Tuxcueca,14,2023-04-02,57
STRAW_Prod_4,STRAW,Tuxcueca,15,2023-04-09,70
STRAW_Prod_4,STRAW,Tuxcueca,16,2023-04-16,76
STRAW_Prod_4,STRAW,Tuxcueca,17,2023-04-23,71
STRAW_Prod_4,STRAW,Tuxcueca,18,2023-04-30,66
STRAW_Prod_4,STRAW,Tuxcueca,19,2023-05-07,80
STRAW_Prod_4,STRAW,Tuxcueca,20,2023-05-14,76
STRAW_Prod_4,STRAW,Tuxcueca,21,2023-05-21,64
STRAW_Prod_4,STRAW,Tuxcueca,22,2023-05-28,72
STRAW_Prod_4,STRAW,Tuxcueca,23,2023-06-04,76
STRAW_Prod_4,STRAW,Tuxcueca,24,2023-06-11,95
STRAW_Prod_4,STRAW,Tuxcueca,25,2023-06-18,95
STRAW_Prod_4,STRAW,Tuxcueca,26,2023-06-25,95
STRAW_Prod_4,STRAW,Tuxcueca,27,2023-07-02,84
STRAW_Prod_4,STRAW,Tuxcueca,28,2023-07-09,88
STRAW_Prod_4,STRAW,Tuxcueca,29,2023-07-16,71
STRAW_Prod_4,STRAW,Tuxcueca,30,2023-07-23,78
STRAW_Prod_4,STRAW,Tuxcueca,31,2023-07-30,80
STRAW_Prod_4,STRAW,Tuxcueca,32,2023-08-06,67
STRAW_Prod_4,STRAW,Tuxcueca,33,2023-08-13,75
STRAW_Prod_4,STRAW,Tuxcueca,34,2023-08-20,85
STRAW_Prod_4,STRAW,Tuxcueca,35,2023-08-27,75
STRAW_Prod_4,STRAW,Tuxcueca,36,2023-09-03,76
STRAW_Prod_4,STRAW,Tuxcueca,37,2023-09-10,51
STRAW_Prod_4,STRAW,Tuxcueca,38,2023-09-17,77
STRAW_Prod_4,STRAW,Tuxcueca,39,2023-09-24,64
STRAW_Prod_4,STRAW,Tuxcueca,40,2023-10-01,59
STRAW_Prod_4,STRAW,Tuxcueca,41,2023-10-08,61
STRAW_Prod_4,STRAW,Tuxcueca,42,2023-10-15,52
STRAW_Prod_4,STRAW,Tuxcueca,43,2023-10-22,65
STRAW_Prod_4,STRAW,Tuxcueca,44,2023-10-29,56
STRAW_Prod_4,STRAW,Tuxcueca,45,2023-11-05,52
STRAW_Prod_4,STRAW,Tuxcueca,46,2023-11-12,54
STRAW_Prod_4,STRAW,Tuxcueca,47,2023-11-19,59
STRAW_Prod_4,STRAW,Tuxcueca,48,2023-11-26,53
STRAW_Prod_4,STRAW,Tuxcueca,49,2023-12-03,43
STRAW_Prod_4,STRAW,Tuxcueca,50,2023-12-10,51
STRAW_Prod_4,STRAW,Tuxcueca,1,2024-01-01,38
STRAW_Prod_4,STRAW,Tuxcueca,2,2024-01-08,34
STRAW_Prod_4,STRAW,Tuxcueca,3,2024-01-15,52
STRAW_Prod_4,STRAW,Tuxcueca,4,2024-01-22,49
STRAW_Prod_4,STRAW,Tuxcueca,5,2024-01-29,49
STRAW_Prod_4,STRAW,Tuxcueca,6,2024-02-05,49
STRAW_Prod_4,STRAW,Tuxcueca,7,2024-02-12,60
STRAW_Prod_4,STRAW,Tuxcueca,8,2024-02-19,71
STRAW_Prod_4,STRAW,Tuxcueca,9,2024-02-26,59
STRAW_Prod_4,STRAW,Tuxcueca,10,2024-03-04,52
STRAW_Prod_4,STRAW,Tuxcueca,11,2024-03-11,59
STRAW_Prod_4,STRAW,Tuxcueca,12,2024-03-18,64
STRAW_Prod_4,STRAW,Tuxcueca,13,2024-03-25,48
STRAW_Prod_4,STRAW,Tuxcueca,14,2024-04-01,67
STRAW_Prod_4,STRAW,Tuxcueca,15,2024-04-08,69
STRAW_Prod_4,STRAW,Tuxcueca,16,2024-04-15,77
STRAW_Prod_4,STRAW,Tuxcueca,17,2024-04-22,79
STRAW_Prod_4,STRAW,Tuxcueca,18,2024-04-29,73
STRAW_Prod_4,STRAW,Tuxcueca,19,2024-05-06,85
STRAW_Prod_4,STRAW,Tuxcueca,20,2024-05-13,91
STRAW_Prod_4,STRAW,Tuxcueca,21,2024-05-20,77
STRAW_Prod_4,STRAW,Tuxcueca,22,2024-05-27,82
STRAW_Prod_4,STRAW,Tuxcueca,23,2024-06-03,66
STRAW_Prod_4,STRAW,Tuxcueca,24,2024-06-10,70
STRAW_Prod_4,STRAW,Tuxcueca,25,2024-06-17,77
STRAW_Prod_4,STRAW,Tuxcueca,26,2024-06-24,80
STRAW_Prod_4,STRAW,Tuxcueca,27,2024-07-01,73
STRAW_Prod_4,STRAW,Tuxcueca,28,2024-07-08,81
STRAW_Prod_4,STRAW,Tuxcueca,29,2024-07-15,76
STRAW_Prod_4,STRAW,Tuxcueca,30,2024-07-22,87
STRAW_Prod_4,STRAW,Tuxcueca,31,2024-07-29,73
STRAW_Prod_4,STRAW,Tuxcueca,32,2024-08-05,58
STRAW_Prod_4,STRAW,Tuxcueca,33,2024-08-12,75
STRAW_Prod_4,STRAW,Tuxcueca,34,2024-08-19,72
STRAW_Prod_4,STRAW,Tuxcueca,35,2024-08-26,65
STRAW_Prod_4,STRAW,Tuxcueca,36,2024-09-02,70
STRAW_Prod_4,STRAW,Tuxcueca,37,2024-09-09,61
STRAW_Prod_4,STRAW,Tuxcueca,38,2024-09-16,69
STRAW_Prod_4,STRAW,Tuxcueca,39,2024-09-23,82
STRAW_Prod_4,STRAW,Tuxcueca,40,2024-09-30,52
STRAW_Prod_4,STRAW,Tuxcueca,41,2024-10-07,59
STRAW_Prod_4,STRAW,Tuxcueca,42,2024-10-14,57
STRAW_Prod_4,STRAW,Tuxcueca,43,2024-10-21,57
STRAW_Prod_4,STRAW,Tuxcueca,44,2024-10-28,64
STRAW_Prod_4,STRAW,Tuxcueca,45,2024-11-04,59
STRAW_Prod_4,STRAW,Tuxcueca,46,2024-11-11,59
STRAW_Prod_4,STRAW,Tuxcueca,47,2024-11-18,54
STRAW_Prod_4,STRAW,Tuxcueca,48,2024-11-25,45
STRAW_Prod_4,STRAW,Tuxcueca,49,2024-12-02,45
STRAW_Prod_4,STRAW,Tuxcueca,50,2024-12-09,53
STRAW_Prod_5,STRAW,Zamora,1,2023-01-01,34
STRAW_Prod_5,STRAW,Zamora,2,2023-01-08,47
STRAW_Prod_5,STRAW,Zamora,3,2023-01-15,41
STRAW_Prod_5,STRAW,Zamora,4,2023-01-22,48
STRAW_Prod_5,STRAW,Zamora,5,2023-01-29,59
STRAW_Prod_5,STRAW,Zamora,6,2023-02-05,46
STRAW_Prod_5,STRAW,Zamora,7,2023-02-12,39
STRAW_Prod_5,STRAW,Zamora,8,2023-02-19,53
STRAW_Prod_5,STRAW,Zamora,9,2023-02-26,62
STRAW_Prod_5,STRAW,Zamora,10,2023-03-05,69
STRAW_Prod_5,STRAW,Zamora,11,2023-03-12,52
STRAW_Prod_5,STRAW,Zamora,12,2023-03-19,64
STRAW_Prod_5,STRAW,Zamora,13,2023-03-26,60
STRAW_Prod_5,STRAW,Zamora,14,2023-04-02,64
STRAW_Prod_5,STRAW,Zamora,15,2023-04-09,84
STRAW_Prod_5,STRAW,Zamora,16,2023-04-16,58
STRAW_Prod_5,STRAW,Zamora,17,2023-04-23,72
STRAW_Prod_5,STRAW,Zamora,18,2023-04-30,75
STRAW_Prod_5,STRAW,Zamora,19,2023-05-07,81
STRAW_Prod_5,STRAW,Zamora,20,2023-05-14,76
STRAW_Prod_5,STRAW,Zamora,21,2023-05-21,79
STRAW_Prod_5,STRAW,Zamora,22,2023-05-28,76
STRAW_Prod_5,STRAW,Zamora,23,2023-06-04,83
STRAW_Prod_5,STRAW,Zamora,24,2023-06-11,79
STRAW_Prod_5,STRAW,Zamora,25,2023-06-18,89
STRAW_Prod_5,STRAW,Zamora,26,2023-06-25,81
STRAW_Prod_5,STRAW,Zamora,27,2023-07-02,86
STRAW_Prod_5,STRAW,Zamora,28,2023-07-09,81
STRAW_Prod_5,STRAW,Zamora,29,2023-07-16,89
STRAW_Prod_5,STRAW,Zamora,30,2023-07-23,78
STRAW_Prod_5,STRAW,Zamora,31,2023-07-30,63
STRAW_Prod_5,STRAW,Zamora,32,2023-08-06,85
STRAW_Prod_5,STRAW,Zamora,33,2023-08-13,67
STRAW_Prod_5,STRAW,Zamora,34,2023-08-20,68
STRAW_Prod_5,STRAW,Zamora,35,2023-08-27,67
STRAW_Prod_5,STRAW,Zamora,36,2023-09-03,79
STRAW_Prod_5,STRAW,Zamora,37,2023-09-10,53
STRAW_Prod_5,STRAW,Zamora,38,2023-09-17,87
STRAW_Prod_5,STRAW,Zamora,39,2023-09-24,72
STRAW_Prod_5,STRAW,Zamora,40,2023-10-01,65
STRAW_Prod_5,STRAW,Zamora,41,2023-10-08,62
STRAW_Prod_5,STRAW,Zamora,42,2023-10-15,62
STRAW_Prod_5,STRAW,Zamora,43,2023-10-22,62
STRAW_Prod_5,STRAW,Zamora,44,2023-10-29,61
STRAW_Prod_5,STRAW,Zamora,45,2023-11-05,59
STRAW_Prod_5,STRAW,Zamora,46,2023-11-12,55
STRAW_Prod_5,STRAW,Zamora,47,2023-11-19,52
STRAW_Prod_5,STRAW,Zamora,48,2023-11-26,51
STRAW_Prod_5,STRAW,Zamora,49,2023-12-03,49
STRAW_Prod_5,STRAW,Zamora,50,2023-12-10,55
STRAW_Prod_5,STRAW,Zamora,1,2024-01-01,44
STRAW_Prod_5,STRAW,Zamora,2,2024-01-08,31
STRAW_Prod_5,STRAW,Zamora,3,2024-01-15,48
STRAW_Prod_5,STRAW,Zamora,4,2024-01-22,48
STRAW_Prod_5,STRAW,Zamora,5,2024-01-29,49
STRAW_Prod_5,STRAW,Zamora,6,2024-02-05,49
STRAW_Prod_5,STRAW,Zamora,7,2024-02-12,58
STRAW_Prod_5,STRAW,Zamora,8,2024-02-19,59
STRAW_Prod_5,STRAW,Zamora,9,2024-02-26,52
STRAW_Prod_5,STRAW,Zamora,10,2024-03-04,60
STRAW_Prod_5,STRAW,Zamora,11,2024-03-11,54
STRAW_Prod_5,STRAW,Zamora,12,2024-03-18,53
STRAW_Prod_5,STRAW,Zamora,13,2024-03-25,59
STRAW_Prod_5,STRAW,Zamora,14,2024-04-01,70
STRAW_Prod_5,STRAW,Zamora,15,2024-04-08,73
STRAW_Prod_5,STRAW,Zamora,16,2024-04-15,72
STRAW_Prod_5,STRAW,Zamora,17,2024-04-22,75
STRAW_Prod_5,STRAW,Zamora,18,2024-04-29,75
STRAW_Prod_5,STRAW,Zamora,19,2024-05-06,69
STRAW_Prod_5,STRAW,Zamora,20,2024-05-13,79
STRAW_Prod_5,STRAW,Zamora,21,2024-05-20,83
STRAW_Prod_5,STRAW,Zamora,22,2024-05-27,85
STRAW_Prod_5,STRAW,Zamora,23,2024-06-03,90
STRAW_Prod_5,STRAW,Zamora,24,2024-06-10,88
STRAW_Prod_5,STRAW,Zamora,25,2024-06-17,87
STRAW_Prod_5,STRAW,Zamora,26,2024-06-24,93
STRAW_Prod_5,STRAW,Zamora,27,2024-07-01,82
STRAW_Prod_5,STRAW,Zamora,28,2024-07-08,74
STRAW_Prod_5,STRAW,Zamora,29,2024-07-15,78
STRAW_Prod_5,STRAW,Zamora,30,2024-07-22,72
STRAW_Prod_5,STRAW,Zamora,31,2024-07-29,72
STRAW_Prod_5,STRAW,Zamora,32,2024-08-05,74
STRAW_Prod_5,STRAW,Zamora,33,2024-08-12,68
STRAW_Prod_5,STRAW,Zamora,34,2024-08-19,70
STRAW_Prod_5,STRAW,Zamora,35,2024-08-26,57
STRAW_Prod_5,STRAW,Zamora,36,2024-09-02,71
STRAW_Prod_5,STRAW,Zamora,37,2024-09-09,68
STRAW_Prod_5,STRAW,Zamora,38,2024-09-16,61
STRAW_Prod_5,STRAW,Zamora,39,2024-09-23,69
STRAW_Prod_5,STRAW,Zamora,40,2024-09-30,70
STRAW_Prod_5,STRAW,Zamora,41,2024-10-07,52
STRAW_Prod_5,STRAW,Zamora,42,2024-10-14,56
STRAW_Prod_5,STRAW,Zamora,43,2024-10-21,55
STRAW_Prod_5,STRAW,Zamora,44,2024-10-28,52
STRAW_Prod_5,STRAW,Zamora,45,2024-11-04,61
STRAW_Prod_5,STRAW,Zamora,46,2024-11-11,54
STRAW_Prod_5,STRAW,Zamora,47,2024-11-18,52
STRAW_Prod_5,STRAW,Zamora,48,2024-11-25,42
STRAW_Prod_5,STRAW,Zamora,49,2024-12-02,54
STRAW_Prod_5,STRAW,Zamora,50,2024-12-09,43
